[www.pushpress.com/index.html]
[backblue.gif]
[fade.gif]
[index.html]
[cdn.prod.website-files.com/60359921321f8d5992691da6/css/pushpress-staging.shared.a1698a44d.min.css]
[ajax.googleapis.com/ajax/libs/webfont/1.6.26/webfont.js]
[cdn.prod.website-files.com/60359921321f8d5992691da6/63eacc3d08b2480ca711725a_PP-favicon.png]
[cdn.prod.website-files.com/60359921321f8d5992691da6/63eace35a1ab2dfc5560b4f0_PP-icon 256x256.png]
[www.pushpress.com/haqt6iy0yx2eNjAzNTk5MjEzMjFmOGQ1OTkyNjkxZGE2/eeLnR4gWKkDeg8Q4W_ShFWR8GI0]
[dev.visualwebsiteoptimizer.com/ee5ba7.gif]
[cdn.jsdelivr.net/npm/slick-carousel@1.8.1/slick/slick.css]
[www.pushpress.com/offer/flex-your-tech.html]
[cdn.prod.website-files.com/60359921321f8d5992691da6/63eaa47f1754e40385fa431f_pp-primary.png]
[ajax.googleapis.com/ajax/libs/jquery/3.5.1/jquery.min.js]
[www.pushpress.com/products/core.html]
[www.pushpress.com/landing/ai-gym-management-software.html]
[www.pushpress.com/fitness-business-software/martial-arts.html]
[www.pushpress.com/fitness-business-software/strength-conditioning.html]
[www.pushpress.com/fitness-business-software/small-group-classes.html]
[www.pushpress.com/fitness-business-software/personal-training.html]
[www.pushpress.com/products/train.html]
[cdn.prod.website-files.com/60359921321f8d5992691da6/63eaa47e5f3cc65290f41b8b_pp-logo-train.png]
[www.pushpress.com/products/branded-member-app.html]
[cdn.prod.website-files.com/60359921321f8d5992691da6/63eaa47fb1e1922040eb83d0_pp-logo-branded app.png]
[cdn.prod.website-files.com/60359921321f8d5992691da6/663acfb837fad73e8ee3a7b0_pp-logo-insurance.png]
[www.pushpress.com/integrations.html]
[cdn.prod.website-files.com/60359921321f8d5992691da6/6082ad2ad01a284e815ab0c4_Rectangle 5.png]
[cdn.prod.website-files.com/60359921321f8d5992691da6/6082ad2690140a075de3efd6_Rectangle 6.png]
[cdn.prod.website-files.com/60359921321f8d5992691da6/6082ad26d01a284abb5ab0c3_Rectangle 7.png]
[cdn.prod.website-files.com/60359921321f8d5992691da6/6082ad254844849252c86afb_Rectangle 8.png]
[cdn.prod.website-files.com/60359921321f8d5992691da6/6082ad0ba40b3b5e470f7403_GA.png]
[cdn.prod.website-files.com/60359921321f8d5992691da6/6082ad265ebc5072dfc94c93_Rectangle 10.png]
[cdn.prod.website-files.com/60359921321f8d5992691da6/6082ad0c0760018e5ab63347_Group 1009.png]
[cdn.prod.website-files.com/60359921321f8d5992691da6/6082af524844842835c8817f_Group 1011.png]
[www.pushpress.com/pricing.html]
[www.pushpress.com/customers.html]
[www.pushpress.com/about.html]
[www.pushpress.com/blog.html]
[www.pushpress.com/podcast.html]
[www.pushpress.com/events.html]
[www.pushpress.com/partners/partners-list.html]
[www.pushpress.com/partners/hwpo.html]
[www.pushpress.com/partners/crossfit-affiliate-programming-x-train-by-pushpress.html]
[www.pushpress.com/partners/mayhem.html]
[cdn.prod.website-files.com/60359921321f8d62cd691da7/696035dc4b52a6fac8c1c014_Heading.png]
[www.pushpress.com/partners/prvn.html]
[cdn.prod.website-files.com/60359921321f8d5992691da6/64f8eccd023ad3c5874a6a4c_Background shape.png]
[cdn.prod.website-files.com/60359921321f8d62cd691da7/6847324930974922fdbe8454_Logo=Checkmat.png]
[cdn.prod.website-files.com/60359921321f8d62cd691da7/684731ec1a213d519ffe19e3_Logo=Dominion MMA.png]
[cdn.prod.website-files.com/60359921321f8d62cd691da7/67e45441f96646cf733d23b5_Logo-Diablo.png]
[cdn.prod.website-files.com/60359921321f8d62cd691da7/67e454250de2baa962c433e4_Logo-HWPO.png]
[cdn.prod.website-files.com/60359921321f8d62cd691da7/67e4492d5f82addfb32658f4_Logo-Invictus.png]
[cdn.prod.website-files.com/60359921321f8d62cd691da7/65a02f2bc8079de74ff900b2_Logo-PRVN.png]
[cdn.prod.website-files.com/60359921321f8d62cd691da7/65a02f360063353c0b365d3d_Logo-PSKC.png]
[cdn.prod.website-files.com/60359921321f8d62cd691da7/65a02f776804f1418554fe7a_Logo-BSCF.png]
[cdn.prod.website-files.com/60359921321f8d62cd691da7/65a02fb2dd6fc12ed2027c32_Logo-Bohemoth.png]
[cdn.prod.website-files.com/60359921321f8d62cd691da7/65a02fcf4cd97874b067cbe8_Logo-2.png]
[cdn.prod.website-files.com/60359921321f8d62cd691da7/65cd42f3f861fe562c03c305_Logo-Peak.png]
[cdn.prod.website-files.com/60359921321f8d62cd691da7/680176662baad5f29fd57a0c_Logo=CTNE.png]
[cdn.prod.website-files.com/60359921321f8d62cd691da7/65a02fe83fbf941edadb5a7f_Logo-Park City.png]
[cdn.prod.website-files.com/60359921321f8d62cd691da7/65a02fee23231f4f8460f128_Logo-Traingin Lab.png]
[cdn.prod.website-files.com/60359921321f8d62cd691da7/65a02ff5dd6fc12ed202ad64_Logo-2020 Fit.png]
[www.pushpress.com/features.html]
[www.pushpress.com/products/grow.html]
[cdn.prod.website-files.com/60359921321f8d5992691da6/6596af4219f0faefef86dbf1_Icon-1.png]
[cdn.prod.website-files.com/60359921321f8d62cd691da7/69a2044a25bd575ea5f94045_Untitled design (17).png]
[www.pushpress.com/blog/how-to-run-a-reactivation-campaign-for-former-gym-members.html]
[cdn.prod.website-files.com/60359921321f8d62cd691da7/67a37cfd8fc62034984d1162_liz childers.png]
[cdn.prod.website-files.com/60359921321f8d62cd691da7/642c2d8d66c64d41a31ef277_train-staff-for-cpr-and-using-gym-aed_73d9c988af9d5f3ea62d578a6f602de1_2000.jpg]
[www.pushpress.com/blog/fully-prepared-gym-aed.html]
[cdn.prod.website-files.com/60359921321f8d62cd691da7/62557c68e42319a1a3bb2772_emily beers.png]
[cdn.prod.website-files.com/60359921321f8d62cd691da7/697b83ac9b5ee047d9f3c6c0_Blog Hero Images.png]
[www.pushpress.com/blog/10-best-member-apps-for-gyms-and-fitness-studios-in-2026.html]
[cdn.prod.website-files.com/60359921321f8d62cd691da7/692f29271b8912224b271e91_Screenshot 2025-11-13 at 10.28.12 AM.png]
[www.pushpress.com/work-for-pushpress.html]
[www.pushpress.com/legal.html]
[cdn.prod.website-files.com/60359921321f8d5992691da6/65e7e0a893ea5d9872a841a7_Platform.png]
[cdn.prod.website-files.com/60359921321f8d5992691da6/65e7e0e8057788c54eb9a20d_getapp.png]
[cdn.prod.website-files.com/60359921321f8d5992691da6/65e7e11eaa6371ad74b39b2c_g2.png]
[d3e54v103j8qbb.cloudfront.net/js/jquery-3.5.1.min.dc5e7f18c881aa.js]
[cdn.prod.website-files.com/60359921321f8d5992691da6/js/pushpress-staging.schunk.36b8fb49256177c8.js]
[cdn.prod.website-files.com/60359921321f8d5992691da6/js/pushpress-staging.62959327.af86d863e12a3acb.js]
[www.pushpress.com/window.location.href]
[cdn.prod.website-files.com/60359921321f8d5992691da6/js/pushpress-staging.schunk.5b85601483772be8.js]
[cdn.jsdelivr.net/npm/slick-carousel@1.8.1/slick/slick.min.js]
[www.pushpress.com/index.html]
[cdn.prod.website-files.com/60359921321f8d5992691da6/css/pushpress-staging.shared.a1698a44d.min.css]
[www.googletagmanager.com/gtm5445.html]
[cdn.jsdelivr.net/npm/slick-carousel@1.8.1/slick/slick.css]
[hubspotonwebflow.com/assets/js/form-124.js]
[app.revenuehero.io/scheduler.prod.min.js]
[js.hsforms.net/forms/embed/v2.js]
[assets.revenuehero.io/scheduler.prod.min.js]
[cdn.prod.website-files.com/60359921321f8d5992691da6/68f29b286e9fe86b58b20a39_1.png]
[cdn.prod.website-files.com/60359921321f8d5992691da6/68f29b28a34d5f9b9fd27de1_2.png]
[cdn.prod.website-files.com/60359921321f8d5992691da6/68f29b28eda9c98326381d2f_3.png]
[cdn.prod.website-files.com/60359921321f8d5992691da6/68f297b7f1eebfc1b5d8d677_People Refresh Slide 1.png]
[www.pushpress.com/offer/window.location.href]
[www.pushpress.com/offer/flex-your-tech.html]
[cdn.prod.website-files.com/60359921321f8d5992691da6/60359921321f8d3da7691e22_Group 729.png]
[cdn.prod.website-files.com/60359921321f8d5992691da6/60359921321f8d8ee9691f3f_Starkey.png]
[cdn.prod.website-files.com/60359921321f8d5992691da6/60359921321f8d0d7d691ebc_Gimage 19-min.jpg]
[cdn.prod.website-files.com/60359921321f8d5992691da6/60359921321f8d7bdd691eb7_image 20-min.jpg]
[www.pushpress.com/blog/building-a-better-gym-without-the-costs-pushpress-free.html]
[cdn.prod.website-files.com/60359921321f8d5992691da6/60359921321f8db09c691dbc_ru.png]
[cdn.prod.website-files.com/60359921321f8d5992691da6/60359921321f8d39d1691db4_erg.png]
[www.pushpress.com/blog/how-to-use-pre-orders-to-sell-apparel-risk-free.html]
[cdn.prod.website-files.com/60359921321f8d5992691da6/60359921321f8d363d691de2_image 22.png]
[cdn.prod.website-files.com/60359921321f8d5992691da6/60359921321f8dbc51691e2d_image 8.png]
[cdn.prod.website-files.com/60359921321f8d5992691da6/65ca7122416e74cdaf3debba_logo-email.png]
[www.pushpress.com/products/window.location.href]
[www.pushpress.com/products/core.html]
[www.pushpress.com/landing/[https_/assets.revenuehero.io/scheduler.min.js](https_/assets.revenuehero.io/scheduler.min.js)]
[cdn.prod.website-files.com/60359921321f8d5992691da6/68fa510faac541422f80c264_icon-zap fast.png]
[www.pushpress.com/landing/window.location.href]
[www.pushpress.com/landing/ai-gym-management-software.html]
[cdn.prod.website-files.com/60359921321f8d62cd691da7/692e52b36bb37e98a16fdc81_Alliance-San-Diego-Black-Triangle-Inverted.png]
[cdn.prod.website-files.com/60359921321f8d62cd691da7/681e387b81ed6956ef3cbf37_Logo=On Track Wellness.png]
[cdn.prod.website-files.com/60359921321f8d62cd691da7/6724fa5abb118b9eca8e6152_ma-logo-old-school.png]
[cdn.prod.website-files.com/60359921321f8d62cd691da7/6724f8cebb118b9eca8d01a0_ma-logo-450-jiu-jitsu.png]
[cdn.prod.website-files.com/60359921321f8d62cd691da7/6724f7bb8ea18cd890009416_ma-logo-ralph-gracie.png]
[cdn.prod.website-files.com/60359921321f8d62cd691da7/6724f6d00b30b524e905567b_ma-logo-roger-gracie.png]
[cdn.prod.website-files.com/60359921321f8d62cd691da7/6724f44459e3710286b5e916_ma-logo-gracie.png]
[cdn.prod.website-files.com/60359921321f8d62cd691da7/6724f2b205749431d74f2add_ma-logo-checkmat.png]
[cdn.prod.website-files.com/60359921321f8d62cd691da7/6724ef70368fef16c77dbee8_ma-logo-10thplanet.png]
[cdn.prod.website-files.com/60359921321f8d5992691da6/690f678f38387e308b82dbfb_Screenshot 2025-11-08 at 7.51.54 AM.png]
[cdn.prod.website-files.com/60359921321f8d5992691da6/6910b52bc6b6563bdce28275_pushpress-martial-arts-software-dan.png]
[cdn.prod.website-files.com/60359921321f8d5992691da6/6910b06496737d42e4c94536_IMG_7943.jpg]
[cdn.prod.website-files.com/60359921321f8d5992691da6/6912908f7b05253cbf43e988_Screenshot 2025-11-10 at 12.13.48 PM.png]
[cdn.prod.website-files.com/60359921321f8d5992691da6/6910b0baef81aa0d650d4c9d_2D3B7EF0-8E0C-4CAE-9577-E2DE87D216B4.jpg]
[cdn.prod.website-files.com/60359921321f8d5992691da6/69128073dfe0a4ceb4884b34_pp-martial-arts-02f (2).png]
[www.pushpress.com/fitness-business-software/window.location.href]
[www.pushpress.com/fitness-business-software/martial-arts.html]
[cdn.prod.website-files.com/60359921321f8d5992691da6/6840a971f6adaa2ac2ff15e2_mat-fraser-hwpo.png]
[cdn.prod.website-files.com/60359921321f8d5992691da6/68409d4e09235c15e87652ad_HWPO-video-logo.png]
[www.pushpress.com/fitness-business-software/strength-conditioning.html]
[www.pushpress.com/fitness-business-software/small-group-classes.html]
[www.pushpress.com/fitness-business-software/personal-training.html]
[cdn.prod.website-files.com/60359921321f8d5992691da6/61b8f41c8db58d3daf00afec_Train Marketing Module.png]
[cdn.prod.website-files.com/60359921321f8d5992691da6/61a6b065d0725d4ad02ce436_karsten-winegeart-ZiXqi1iSZyI-unsplash.jpg]
[cdn.prod.website-files.com/60359921321f8d5992691da6/61a7e793fe6efa582f2c6bac_victor-freitas-WvDYdXDzkhs-unsplash.jpg]
[cdn.prod.website-files.com/60359921321f8d5992691da6/61a7e78cc3b4d14d7cc0ed2a_karsten-winegeart-bFCzqCF0wxs-unsplash.jpg]
[cdn.prod.website-files.com/60359921321f8d5992691da6/63eaa47f919f87a5b0d000a1_pp-primary-white.png]
[www.pushpress.com/playbook.html]
[www.pushpress.com/products/train.html]
[cdn.prod.website-files.com/60359921321f8d5992691da6/604799f322dbe6c0dcf81676_Group 867.png]
[cdn.prod.website-files.com/60359921321f8d5992691da6/60474ea4a662ec805a6ffeff_Mask Group-1.png]
[cdn.prod.website-files.com/60359921321f8d5992691da6/60474ea632ce076806a16fe3_unnamed 1.png]
[cdn.prod.website-files.com/60359921321f8d5992691da6/60474ea65e5dc50f5d6c0f69_Mask Group.png]
[cdn.prod.website-files.com/60359921321f8d5992691da6/60474ea2ebf5888f432de80c_Symbols.png]
[cdn.prod.website-files.com/60359921321f8d5992691da6/60474ea4a7e5394f1c4c74a1_Mask Group-2.png]
[cdn.prod.website-files.com/60359921321f8d5992691da6/60474ea339ab97bd953c6fd8_Mask Group-3.png]
[cdn.prod.website-files.com/60359921321f8d5992691da6/61215e88e8091427a515df36_branded-app-one-tap-reserve.png]
[cdn.prod.website-files.com/60359921321f8d5992691da6/60359921321f8d036b691f98_ba-logos.png]
[cdn.prod.website-files.com/60359921321f8d5992691da6/604754a7c4033431aedbabd4_Group 808.png]
[cdn.prod.website-files.com/60359921321f8d5992691da6/604754a754cbbf19c983e2af_Group 816.png]
[cdn.prod.website-files.com/60359921321f8d5992691da6/6047526f1b28d8bcd0d24b60_Group 863.png]
[cdn.prod.website-files.com/60359921321f8d5992691da6/60475271a662ec773a7015ab_Group 862.png]
[www.pushpress.com/products/branded-member-app.html]
[cdn.prod.website-files.com/60359921321f8d5992691da6/6074127d03881ba89b7ec60f_Group 917.png]
[cdn.prod.website-files.com/60359921321f8d5992691da6/660aba829f03c8eb695c8998_ortto-integration.png]
[cdn.prod.website-files.com/60359921321f8d5992691da6/6074127f7d7f7cca57ed4ae5_Group 912.png]
[cdn.prod.website-files.com/60359921321f8d5992691da6/6074128117590b2551c1de1c_Group 904.png]
[cdn.prod.website-files.com/60359921321f8d5992691da6/65fb5e87c7adc6870023b668_PP-int-icon.png]
[cdn.prod.website-files.com/60359921321f8d5992691da6/6074127fa4f8dee0c1a20e06_Group 909.png]
[cdn.prod.website-files.com/60359921321f8d5992691da6/6074127d8de34f018dad8633_Group 929.png]
[cdn.prod.website-files.com/60359921321f8d5992691da6/6074127dc68543cf08a907ea_Group 931.png]
[cdn.prod.website-files.com/60359921321f8d5992691da6/607455a613788b275309ca02_Rectangle 258.png]
[cdn.prod.website-files.com/60359921321f8d5992691da6/607456a4205bc81c0ed1e67d_Group 1126.png]
[cdn.prod.website-files.com/60359921321f8d5992691da6/607455a6d4cbfbcc0f94e5f5_Rectangle 290.png]
[cdn.prod.website-files.com/60359921321f8d5992691da6/607456a503881bc5e1807b8b_Group 1127.png]
[cdn.prod.website-files.com/60359921321f8d5992691da6/607455a4f9e69482ae83b1a1_Rectangle 292.png]
[cdn.prod.website-files.com/60359921321f8d5992691da6/607455a6181b24b8add8d6ba_Rectangle 294.png]
[cdn.prod.website-files.com/60359921321f8d5992691da6/607456a43536397886b67656_Group 1128.png]
[cdn.prod.website-files.com/60359921321f8d5992691da6/607455a7447375b798708361_Rectangle 296.png]
[cdn.prod.website-files.com/60359921321f8d5992691da6/607456a49592387f7562308d_Group 1129.png]
[cdn.prod.website-files.com/60359921321f8d5992691da6/607455af8b0a030fc7036989_Rectangle 298.png]
[cdn.prod.website-files.com/60359921321f8d62cd691da7/6075408e6242cb67ca23886f_Vector-2.png]
[cdn.prod.website-files.com/60359921321f8d62cd691da7/6074678d4f4e2b04b3696f77_Group 934.png]
[cdn.prod.website-files.com/60359921321f8d62cd691da7/607466d77f173f46f073f7c9_Group.png]
[cdn.prod.website-files.com/60359921321f8d62cd691da7/660f7e54e09691f251ea9b5f_pp-icon-white (2).png]
[cdn.prod.website-files.com/60359921321f8d62cd691da7/660abba6cdfc89bec5c3e393_ortto-logo.png]
[cdn.prod.website-files.com/60359921321f8d62cd691da7/60746a032382c82d035bf6a8_Group.png]
[cdn.prod.website-files.com/60359921321f8d62cd691da7/60746a3e3ebc6f30e3726f85_Vector-3.png]
[cdn.prod.website-files.com/60359921321f8d62cd691da7/607465c1f411712e722eb092_Group 1047.png]
[cdn.prod.website-files.com/60359921321f8d62cd691da7/607466350f9ae703ad73d983_Vector.png]
[cdn.prod.website-files.com/60359921321f8d62cd691da7/607466823ffc75808cc0a8f9_Group 1009.png]
[cdn.prod.website-files.com/60359921321f8d5992691da6/607574964be029350584fd46__.png]
[cdn.prod.website-files.com/60359921321f8d5992691da6/607575d068da5cd417e0170a_Group 277.png]
[cdn.prod.website-files.com/60359921321f8d5992691da6/607578c7bb676082aeea682b_Group 11.png]
[www.pushpress.com/integrations.html]
[www.pushpress.com/pricing.html]
[cdn.finsweet.com/files/cmslibrary-v1.8.js]
[cdn.prod.website-files.com/60359921321f8d5992691da6/60359921321f8d46de691dac_image 2.png]
[cdn.prod.website-files.com/60359921321f8d5992691da6/60359921321f8d3e40691daf_image 1.png]
[cdn.prod.website-files.com/60359921321f8d5992691da6/60359921321f8d7b6d691da8_Vector.png]
[cdn.prod.website-files.com/60359921321f8d5992691da6/60359921321f8d7b0b691f5b_hannah Conser.png]
[cdn.prod.website-files.com/60359921321f8d5992691da6/60359921321f8ddb83691e82_fgvewfv.png]
[cdn.prod.website-files.com/60359921321f8d5992691da6/60359921321f8d3420691f66_merit.png]
[cdn.prod.website-files.com/60359921321f8d5992691da6/60359921321f8d1bea691ee1_Group 653.png]
[www.pushpress.com/customers.html]
[cdn.prod.website-files.com/60359921321f8d5992691da6/65f2584188ea3cd0351038ac_Media (2).jpg]
[cdn.prod.website-files.com/60359921321f8d5992691da6/68e92d369f1ace81e2e50a4b_Altos.png]
[cdn.prod.website-files.com/60359921321f8d5992691da6/60359921321f8d75dd691ecd_Mimage 33-min.jpg]
[cdn.prod.website-files.com/60359921321f8d5992691da6/60359921321f8d8d65691ec2_image 34-min.jpg]
[cdn.prod.website-files.com/60359921321f8d5992691da6/60359921321f8d4ef7691ec1_Nimage 35-min.jpg]
[cdn.prod.website-files.com/60359921321f8d5992691da6/60359921321f8d0f7e691ebf_Yimage 33-min.jpg]
[cdn.prod.website-files.com/60359921321f8d5992691da6/60359921321f8db57a691eb0_image 35-min.jpg]
[www.pushpress.com/about.html]
[www.pushpress.com/category/ai.html]
[www.pushpress.com/category/operations-de996.html]
[www.pushpress.com/category/member-experience-269ca.html]
[www.pushpress.com/category/marketing-9db7c.html]
[www.pushpress.com/category/sales-15041.html]
[www.pushpress.com/category/websites-10fc4.html]
[www.pushpress.com/category/martial-arts.html]
[www.pushpress.com/category/grow-bf55d.html]
[www.pushpress.com/category/case-study.html]
[www.pushpress.com/category/product-updates.html]
[www.pushpress.com/category/gym-onboarding.html]
[www.pushpress.com/category/selling-apparel.html]
[www.pushpress.com/category/gym-website.html]
[www.pushpress.com/category/retail-sales.html]
[www.pushpress.com/category/insurance-for-gyms.html]
[www.pushpress.com/category/lead-magnets.html]
[www.pushpress.com/category/prvn.html]
[www.pushpress.com/category/gym-content.html]
[www.pushpress.com/category/paid-gym-advertising.html]
[www.pushpress.com/category/flex-fees.html]
[www.pushpress.com/category/spring-training.html]
[www.pushpress.com/category/gym-grand-opening.html]
[www.pushpress.com/category/opening-a-gym.html]
[www.pushpress.com/category/senior-fitness-program.html]
[www.pushpress.com/category/hybrid-memberships.html]
[www.pushpress.com/category/crossfit-open.html]
[www.pushpress.com/category/finding-gym-space.html]
[www.pushpress.com/category/gym-real-estate.html]
[www.pushpress.com/category/building-a-gym.html]
[www.pushpress.com/category/gym-branding.html]
[www.pushpress.com/category/improve-seo.html]
[www.pushpress.com/category/healthy-habits.html]
[www.pushpress.com/category/habit-tracking.html]
[www.pushpress.com/category/lead-generation.html]
[www.pushpress.com/category/selling-a-gym.html]
[www.pushpress.com/category/halloween.html]
[www.pushpress.com/category/youth-fitness-program.html]
[www.pushpress.com/category/drop-ins.html]
[www.pushpress.com/category/gym-equipment.html]
[www.pushpress.com/category/starting-a-gym.html]
[www.pushpress.com/category/crossfit.html]
[www.pushpress.com/category/pushstart.html]
[www.pushpress.com/category/gym-schedule.html]
[www.pushpress.com/category/crossfit-coaches.html]
[www.pushpress.com/category/pushpress-core.html]
[www.pushpress.com/category/gym-challenge.html]
[www.pushpress.com/category/kids-programming.html]
[www.pushpress.com/category/frequency-based-pricing.html]
[www.pushpress.com/category/gym-management-software.html]
[www.pushpress.com/category/product-feature.html]
[www.pushpress.com/category/mental-health.html]
[www.pushpress.com/category/pushpress-free.html]
[www.pushpress.com/category/pushpress-train.html]
[www.pushpress.com/category/gym-policies.html]
[www.pushpress.com/category/membership-pricing.html]
[www.pushpress.com/category/non-profit.html]
[www.pushpress.com/category/legal.html]
[www.pushpress.com/category/email-marketing.html]
[www.pushpress.com/category/gym-safety.html]
[www.pushpress.com/category/member-check-ins.html]
[www.pushpress.com/category/staff-app.html]
[www.pushpress.com/category/selling-gym-memberships.html]
[www.pushpress.com/category/gym-owner.html]
[www.pushpress.com/category/march-madness.html]
[www.pushpress.com/category/pushpress-grow.html]
[www.pushpress.com/category/remote-team.html]
[www.pushpress.com/category/fitness-business.html]
[www.pushpress.com/category/business-mentor.html]
[www.pushpress.com/category/gym-general-manager.html]
[www.pushpress.com/category/gym-leadership.html]
[www.pushpress.com/category/branding.html]
[www.pushpress.com/category/gym-community.html]
[www.pushpress.com/category/continuing-education.html]
[www.pushpress.com/category/coaching.html]
[www.pushpress.com/category/team-meetings.html]
[www.pushpress.com/category/hiring-coaches.html]
[www.pushpress.com/category/gym-growth.html]
[www.pushpress.com/category/help-first.html]
[www.pushpress.com/category/gym-programming.html]
[www.pushpress.com/category/gym-events.html]
[www.pushpress.com/category/gym-competition.html]
[www.pushpress.com/category/gym-merchandise.html]
[www.pushpress.com/category/gym-revenue.html]
[www.pushpress.com/category/nutrition-coaching.html]
[www.pushpress.com/category/gym-location.html]
[www.pushpress.com/category/gym-lease.html]
[www.pushpress.com/category/gym-partnership.html]
[www.pushpress.com/category/gym-corporate-structure.html]
[www.pushpress.com/category/gym-space.html]
[www.pushpress.com/category/gym-startup.html]
[www.pushpress.com/category/gym-metrics.html]
[www.pushpress.com/category/referral-program.html]
[www.pushpress.com/category/gym-marketing.html]
[www.pushpress.com/category/gym-membership-sales.html]
[www.pushpress.com/category/automation.html]
[www.pushpress.com/category/client-spotlight-1.html]
[www.pushpress.com/category/social-media.html]
[www.pushpress.com/category/member-retention.html]
[www.pushpress.com/blog/what-gym-websites-get-right.html]
[www.pushpress.com/blog/3-ways-to-reduce-gym-churn-in-2026.html]
[www.pushpress.com/blog/how-to-make-gym-goals.html]
[www.pushpress.com/blog/key-takeaways-webinar-ai-for-fitness-leaders.html]
[www.pushpress.com/blog/pushpress-wrapped-2025.html]
[www.pushpress.com/blog/2025-the-year-pushpress-hit-a-pr.html]
[www.pushpress.com/blog/10-best-fitness-gifts-for-gym-lovers.html]
[www.pushpress.com/blog/why-pushpress-is-going-ai-first-and-what-it-means-for-gyms.html]
[www.pushpress.com/blogc440.html]
[cdn.jsdelivr.net/npm/@finsweet/attributes-cmsfilter@1/cmsfilter.js]
[www.pushpress.com/blog.html]
[cdn.jsdelivr.net/npm/@finsweet/attributes-cmsload@1/cmsload.js]
[cdn.prod.website-files.com/60359921321f8d62cd691da7/68655c88324fbd9f934f90b3_Jason Fernandez BHOTD.png]
[www.pushpress.com/podcast/make-your-gym-better-by-unlocking-customer-feedback.html]
[cdn.prod.website-files.com/60359921321f8d62cd691da7/685c05c6e259a9951eb866fe_67770734451b0cc37a196c1d_No-Guest-Image-04-p-1080.png]
[cdn.prod.website-files.com/60359921321f8d62cd691da7/685c05acf7000695ce4c8a61_6764f45770437796d073a8ca_No-Guest-Image-01-p-1080.png]
[cdn.prod.website-files.com/60359921321f8d62cd691da7/6764f302709899337a30982a_No-Guest-Image-03.png]
[www.pushpress.com/podcast/sales-is-the-first-act-of-coaching.html]
[cdn.prod.website-files.com/60359921321f8d62cd691da7/6761f85315ac38bba1de6389_No-Guest-Image-02.png]
[cdn.prod.website-files.com/60359921321f8d62cd691da7/67770734451b0cc37a196c1d_No-Guest-Image-04.png]
[cdn.prod.website-files.com/60359921321f8d62cd691da7/6764f45770437796d073a8ca_No-Guest-Image-01.png]
[www.pushpress.com/podcast/your-coaches-should-be-influencers.html]
[www.pushpress.com/podcast/why-gym-cliques-could-actually-be-good-for-business.html]
[www.pushpress.com/podcast/bankers-piss-me-off-and-screw-over-gyms.html]
[www.pushpress.com/podcast.html]
[cdn.jsdelivr.net/npm/@finsweet/attributes@2/attributes.js]
[www.pushpress.com/events/wodapalooza-2026.html]
[cdn.prod.website-files.com/60359921321f8d62cd691da7/69a4ea101d489ebed05919db_WZA24_240112024611_AdamBow-1.jpg]
[www.pushpress.com/events/canadian-crossfit-affiliate-summit-toronto.html]
[cdn.prod.website-files.com/60359921321f8d62cd691da7/68c9c64138256d37078c0e35_imgi_1_529861149_18521417113027224_5872703682165757379_n.jpg]
[cdn.prod.website-files.com/60359921321f8d62cd691da7/68cc12cd4ed45a665131564b_537695638_18528127714021021_718550011921139110_n.jpg]
[cdn.prod.website-files.com/60359921321f8d62cd691da7/68e9465d68560c6fe377696a_Webinar – 10.15.2025 – CMS.png]
[cdn.prod.website-files.com/60359921321f8d62cd691da7/692db539ee17f1e2a199b645_20241121_094411-scaled (1).jpg]
[cdn.prod.website-files.com/60359921321f8d62cd691da7/692db68d4411406761a9319b_Screenshot 2025-12-01 at 10.30.50 AM.png]
[cdn.prod.website-files.com/60359921321f8d62cd691da7/692efcaf61dd20fa0cf651d2_3.png]
[cdn.prod.website-files.com/60359921321f8d62cd691da7/692efd569a09252e6df48776_4.png]
[cdn.prod.website-files.com/60359921321f8d62cd691da7/6967c45fedcd5eedeb8e0fe4_4.png]
[www.pushpress.com/events/your-2026-member-onboarding-playbook.html]
[cdn.prod.website-files.com/60359921321f8d62cd691da7/698cdd167d5743334ef149cf_Screenshot 2026-02-11 at 1.48.19 PM.png]
[cdn.prod.website-files.com/60359921321f8d62cd691da7/698cdcd6c02588d74036793a_Screenshot 2026-02-11 at 1.47.27 PM.png]
[cdn.prod.website-files.com/60359921321f8d62cd691da7/699f77b84de0c5c05c13181a_Screenshot 2026-02-25 at 4.29.07 PM.png]
[cdn.prod.website-files.com/60359921321f8d62cd691da7/69a0c67b56fa299398dbafe2_tiger team webinar.png]
[cdn.prod.website-files.com/60359921321f8d62cd691da7/68caca278a6738f627b0bc57_SpeedLabSummit.png]
[cdn.prod.website-files.com/60359921321f8d62cd691da7/68cb11d384e60d8954479188_Webinar – 09.23.2025 – CMS.png]
[cdn.prod.website-files.com/60359921321f8d62cd691da7/68c9c823e8dacf3e168bee54_imgi_5_e42e8a8-c7d6-d50d-7d43-b3a42aab7b7e_REM_4439.jpg]
[cdn.prod.website-files.com/60359921321f8d62cd691da7/68c9c8d228a923317a2f2ba4_imgi_2_large.jpg]
[www.pushpress.com/events/no-gi-pans-ibjjf-2025.html]
[cdn.prod.website-files.com/60359921321f8d62cd691da7/68c9ca5796b7aa51aadd3978_NoGiPansIBJJF.png]
[cdn.prod.website-files.com/60359921321f8d62cd691da7/68c9c989d23a88b8280060a8_imgi_66_Banner-CCBRIS-home.jpg]
[cdn.prod.website-files.com/60359921321f8d62cd691da7/68ca1419cd83d93c9118e8ff_fe6b55-dd44-d478-553d-7cb14c71e_Emma_Nichol_Photography-606.jpg]
[www.pushpress.com/events/affiliatecon-2025.html]
[cdn.prod.website-files.com/60359921321f8d62cd691da7/68ca13adc97263630e0131db_BHOTD DENVER.jpg]
[cdn.prod.website-files.com/60359921321f8d62cd691da7/68c9cafebcdd2f1854da316a_NoGiWorldIBJJF.png]
[www.pushpress.com/events/fuji-bjj-expo-2026.html]
[cdn.prod.website-files.com/60359921321f8d62cd691da7/6957e90c648e96670f1876d5_pushpress gi screenshot.jpg]
[cdn.prod.website-files.com/60359921321f8d62cd691da7/6967c44a9730ee18114a0d0a_5.png]
[cdn.prod.website-files.com/60359921321f8d62cd691da7/695843188bd66d0cdd02e657_TFXThrowdown24.AuburnMedia-5-1024x683.jpg]
[www.pushpress.com/events/pregnancy-and-postpartum-live-certification-event-2026.html]
[cdn.prod.website-files.com/60359921321f8d62cd691da7/698663c0a34581d2cda452d4_Screenshot 2026-02-06 at 3.49.45 PM.png]
[www.pushpress.com/events/business-for-unicorns-atlanta-2026.html]
[cdn.prod.website-files.com/60359921321f8d62cd691da7/6986656f6fbb3b3879b6fd58_18A92D69-F4B6-44CF-A97E-1584760AA864.jpg]
[cdn.prod.website-files.com/60359921321f8d62cd691da7/69866727e927cdfed246d704_2024.04.20_HSN-GAS_TV-3958.jpg]
[cdn.prod.website-files.com/60359921321f8d5992691da6/64071d515d99be8f035fd612_Image (2) (1) (1).png]
[www.pushpress.com/events.html]
[www.pushpress.com/partners/hyrox-x-train-by-pushpress.html]
[cdn.prod.website-files.com/60359921321f8d62cd691da7/69987811a680c24d91bdbafe__DSC0652.jpg]
[cdn.prod.website-files.com/60359921321f8d62cd691da7/66a1351694a0ed4c9347511d_Bottom of page 2.jpg]
[cdn.prod.website-files.com/60359921321f8d62cd691da7/64dd66456d1c6fce7ea47860_cap.png]
[cdn.prod.website-files.com/60359921321f8d62cd691da7/6488f36228e3227b248526b3_mayhem_partner.jpg]
[www.pushpress.com/partners/bolder-affiliate.html]
[cdn.prod.website-files.com/60359921321f8d62cd691da7/6949ad2cb2dd01a1a73e02de_Image 4.png]
[cdn.prod.website-files.com/60359921321f8d62cd691da7/6949ad6861bc580eb59e81eb_daily fix image 2.png]
[cdn.prod.website-files.com/60359921321f8d62cd691da7/6488f4d3988d483a121b8b8d_parkcity_partner.png]
[cdn.prod.website-files.com/60359921321f8d62cd691da7/6488cc5ec72ac3facbfa3e69_ncfit.png]
[www.pushpress.com/partners/prsallday.html]
[cdn.prod.website-files.com/60359921321f8d62cd691da7/67f429d560e3599bcaeb3161_679d94014819feb5f4f95fc2_Hero Image (1).jpg]
[www.pushpress.com/partners/bruteaffiliate.html]
[cdn.prod.website-files.com/60359921321f8d62cd691da7/660b52f931fd5a45f4a0f5e2_65ed0dbf38f81cb76985a1c2_Hero Image.jpg]
[www.pushpress.com/partners/window.location.href]
[www.pushpress.com/partners/partners-list.html]
[www.pushpress.com/partners/hwpo.html]
[cdn.prod.website-files.com/60359921321f8d5992691da6/64c3e95d7ac3ccd984b584d1_CAPxPP-Hero Image.png]
[cdn.prod.website-files.com/60359921321f8d5992691da6/64c7f38f1f14d1c2d3099305_CAPxPP graphic.png]
[cdn.prod.website-files.com/60359921321f8d5992691da6/64c7f4100d04856c046498e9_CAPxPP-Train.png]
[cdn.prod.website-files.com/60359921321f8d5992691da6/64c7f47273c8eef32a79d87f_training-1.png]
[cdn.prod.website-files.com/60359921321f8d5992691da6/64c7f47e5ea50a848db8e2f8_training-2.png]
[www.pushpress.com/partners/crossfit-affiliate-programming-x-train-by-pushpress.html]
[cdn.prod.website-files.com/60359921321f8d5992691da6/6082ad29390e10254c2bc39c_Rectangle 4.png]
[www.pushpress.com/resources.html]
[cdn.prod.website-files.com/60359921321f8d5992691da6/646d0227affdd66c4b77fa15_Mayhem-hero.png]
[cdn.prod.website-files.com/60359921321f8d5992691da6/695d432be2d9ff0f0a774a01_Mayhem.png]
[cdn.prod.website-files.com/60359921321f8d5992691da6/63d2d34e7d003da4cb1c4af5_image5.jpg]
[cdn.prod.website-files.com/60359921321f8d5992691da6/63d2d34e7d9d9f640fdd7fec_image3.jpg]
[cdn.prod.website-files.com/60359921321f8d5992691da6/63d2d34e62c23c29b3e2afe6_image2.jpg]
[www.pushpress.com/partners/mayhem.html]
[cdn.prod.website-files.com/60359921321f8d5992691da6/63c03ff979fcf65b25314263_Hero Image.png]
[cdn.prod.website-files.com/60359921321f8d5992691da6/6499e540daa8cc11577fe711_PRVNxPP Graphic.png]
[cdn.prod.website-files.com/60359921321f8d5992691da6/63c81e56ac40718036a1daa8_Tia-bg.png]
[cdn.prod.website-files.com/60359921321f8d5992691da6/63c69ada94ee736278b02f58_Group 959.png]
[cdn.prod.website-files.com/60359921321f8d5992691da6/63c03ff9592e083759ffaa5d_image 37.png]
[cdn.prod.website-files.com/60359921321f8d5992691da6/63c03ff9411a5957d700851e_image 35.png]
[www.pushpress.com/partners/prvn.html]
[www.pushpress.com/features/recurring-appointments-gym-scheduling.html]
[www.pushpress.com/features.html]
[www.pushpress.com/features/people-profile.html]
[cdn.jsdelivr.net/npm/@finsweet/attributes-sliderdots@1/sliderdots.js]
[www.pushpress.com/blog/gym-member-check-ins-winner-fixed-on-fitness.html]
[www.pushpress.com/products/grow.html]
[www.pushpress.com/blog/rss.xml]
[www.pushpress.com/taglist/lead-nurture.html]
[www.pushpress.com/blog/window.location.href]
[www.pushpress.com/blog/how-to-run-a-reactivation-campaign-for-former-gym-members.html]
[cdn.jsdelivr.net/npm/@finsweet/attributes-toc@1/toc.js]
[cdn.prod.website-files.com/60359921321f8d62cd691da7/642c2d8e66c64d192b1ef279_train-staff-for-cpr-and-using-gym-aed_73d9c988af9d5f3ea62d578a6f602de1_800.jpg]
[www.pushpress.com/blog/gym-startup-guide-gym-legal-issues.html]
[cdn.prod.website-files.com/60359921321f8d62cd691da7/642c2d8e66c64d99a51ef27a_ruling-in-gym-lawsuit_88041f3cdf2d028bf1a58d75c5002148_800.jpg]
[cdn.prod.website-files.com/60359921321f8d62cd691da7/642c2d8e66c64d25b91ef278_cpr-training-for-gym-safety_db9a7213865881f848d4c28fddac34f2_800.jpg]
[www.pushpress.com/blog/gym-onboarding-series-part-3-straight-to-class-and-group-onramps.html]
[www.pushpress.com/blog/fully-prepared-gym-aed.html]
[cdn.prod.website-files.com/60359921321f8d62cd691da7/697bb8e3b530ee5919914933_Personal Records.gif]
[www.pushpress.com/feature-list/member-app.html]
[www.pushpress.com/blog/running-two-gyms-using-pushpress-technology.html]
[cdn.prod.website-files.com/60359921321f8d62cd691da7/69430bc1f642bfbd4d37535b_Automated Celebration Posts.gif]
[cdn.prod.website-files.com/60359921321f8d62cd691da7/686433bb4607d3615414b41d_Rank Tracking 2.gif]
[www.pushpress.com/blog/martial-arts-rank-tracking.html]
[cdn.prod.website-files.com/60359921321f8d62cd691da7/697b7f9fb0bf40e24b74da65_Blog inforgraphic.png]
[www.pushpress.com/taglist/gym-management-software-04e10.html]
[www.pushpress.com/blog/10-best-member-apps-for-gyms-and-fitness-studios-in-2026.html]
[cdn.prod.website-files.com/60359921321f8d5992691da6/6054970287acc71910a3f900_gym training.png]
[cdn.prod.website-files.com/60359921321f8d5992691da6/60549826207d9634402a0470_Group 918 (1).png]
[cdn.prod.website-files.com/60359921321f8d5992691da6/605498d660b0543ed2fd1f30_Group 920 (1).png]
[cdn.prod.website-files.com/60359921321f8d5992691da6/6055ee92715632623e5d132f_Group 942 (1).png]
[www.pushpress.com/work-for-pushpress.html]
[www.pushpress.com/legal/terms-of-service.html]
[www.pushpress.com/legal.html]
[www.pushpress.com/window.location.html]
[www.pushpress.com/legal/privacy-policy.html]
[www.pushpress.com/offer/window.location.html]
[cdn.prod.website-files.com/60359921321f8d62cd691da7/65273721d98474a61d908f8f_366294949_10159700371552741_1987998850107744_n.jpg]
[cdn.prod.website-files.com/60359921321f8d62cd691da7/60359921321f8db1f96923a8_gym-management-software-Marcus-Reyna-PPF-scaled.jpg]
[cdn.prod.website-files.com/60359921321f8d62cd691da7/60359921321f8d4d776923b1_gym-management-software-Marcus-Reyna-PPF-scaled.jpg]
[www.pushpress.com/blog/how-to-create-a-gym-marketing-plan-focused-on-growth.html]
[www.pushpress.com/blog/building-successful-gym-marketing-funnel.html]
[www.pushpress.com/blog/building-a-better-gym-without-the-costs-pushpress-free.html]
[cdn.prod.website-files.com/60359921321f8d62cd691da7/635139582a125d31c13bf78a_818ce152-2694-4aa3-ab1b-4360cd944226.gif]
[cdn.prod.website-files.com/60359921321f8d62cd691da7/60359921321f8d1eba6923aa_Hagiya-anim.1-4.gif]
[cdn.prod.website-files.com/60359921321f8d62cd691da7/60359921321f8daa356923b7_Screen-Shot-2017-07-05-at-9.06.55-AM.png]
[www.pushpress.com/blog/how-to-use-pre-orders-to-sell-apparel-risk-free.html]
[www.pushpress.com/products/window.location.html]
[www.pushpress.com/landing/[https_/assets.revenuehero.io/scheduler.min.js](https_/assets.revenuehero.io/scheduler.min.html]
[www.pushpress.com/landing/window.location.html]
[www.pushpress.com/fitness-business-software/window.location.html]
[www.pushpress.com/playbook.html]
[www.pushpress.com/category/window.location.href]
[www.pushpress.com/category/ai.html]
[www.pushpress.com/category/operations-de996.html]
[www.pushpress.com/category/member-experience-269ca.html]
[www.pushpress.com/category/marketing-9db7c.html]
[www.pushpress.com/category/sales-15041.html]
[www.pushpress.com/blog/pushpress-grow-is-the-perfect-option-for-crossfit-gym-site-hosting.html]
[www.pushpress.com/category/websites-10fc4.html]
[www.pushpress.com/category/martial-arts.html]
[www.pushpress.com/blog/grow-gym-crm-updates-2025.html]
[www.pushpress.com/category/grow-bf55d.html]
[www.pushpress.com/category/case-study.html]
[www.pushpress.com/blog/productpush-april-2025.html]
[www.pushpress.com/category/product-updates.html]
[www.pushpress.com/category/gym-onboarding.html]
[www.pushpress.com/category/selling-apparel.html]
[www.pushpress.com/category/gym-website.html]
[www.pushpress.com/category/retail-sales.html]
[www.pushpress.com/category/insurance-for-gyms.html]
[www.pushpress.com/category/lead-magnets.html]
[www.pushpress.com/category/prvn.html]
[www.pushpress.com/blog/fit-to-publish-how-to-create-and-repurpose-compelling-gym-content.html]
[www.pushpress.com/category/gym-content.html]
[www.pushpress.com/category/paid-gym-advertising.html]
[www.pushpress.com/category/flex-fees.html]
[www.pushpress.com/category/spring-training.html]
[www.pushpress.com/category/gym-grand-opening.html]
[www.pushpress.com/category/opening-a-gym.html]
[www.pushpress.com/category/senior-fitness-program.html]
[www.pushpress.com/blog/why-you-should-consider-offering-hybrid-gym-memberships-this-fall.html]
[www.pushpress.com/blog/hybrid-gym-memberships-increase-average-client-value.html]
[www.pushpress.com/category/hybrid-memberships.html]
[www.pushpress.com/blog/elevate-members-crossfit-open-experience-pushpress-train.html]
[www.pushpress.com/category/crossfit-open.html]
[www.pushpress.com/blog/finding-gym-space-owning-versus-renting.html]
[www.pushpress.com/category/finding-gym-space.html]
[www.pushpress.com/category/gym-real-estate.html]
[www.pushpress.com/category/building-a-gym.html]
[www.pushpress.com/category/gym-branding.html]
[www.pushpress.com/blog/gym-rebranding-steps.html]
[www.pushpress.com/category/improve-seo.html]
[www.pushpress.com/blog/digital-marketing-101-how-to-improve-seo-for-your-gym-website.html]
[www.pushpress.com/blog/creating-healthy-habits-part-4-five-ideas-to-use-in-your-gym-today.html]
[www.pushpress.com/blog/five-ways-to-create-healthy-habits-with-your-team-of-coaches.html]
[www.pushpress.com/category/healthy-habits.html]
[www.pushpress.com/category/habit-tracking.html]
[www.pushpress.com/category/lead-generation.html]
[www.pushpress.com/category/selling-a-gym.html]
[www.pushpress.com/blog/eight-fun-gym-halloween-ideas-2024.html]
[www.pushpress.com/category/halloween.html]
[www.pushpress.com/category/youth-fitness-program.html]
[www.pushpress.com/category/drop-ins.html]
[www.pushpress.com/category/gym-equipment.html]
[www.pushpress.com/category/starting-a-gym.html]
[www.pushpress.com/category/crossfit.html]
[www.pushpress.com/blog/the-pushpress-amped-model-part-4-expand-your-fitness-business.html]
[www.pushpress.com/category/pushstart.html]
[www.pushpress.com/blog/get-amped-how-pushstart-helps-gym-owners-run-a-better-business.html]
[www.pushpress.com/category/gym-schedule.html]
[www.pushpress.com/category/crossfit-coaches.html]
[www.pushpress.com/blog/a-stronger-core-more-pushpress-features-to-help-level-up-your-gym.html]
[www.pushpress.com/blog/back-to-basics-six-ways-pushpress-core-helps-you-run-your-gym.html]
[www.pushpress.com/blog/pushpress-secret-superpower-making-financial-reports-exciting.html]
[www.pushpress.com/category/pushpress-core.html]
[www.pushpress.com/blog/six-fun-ways-challenge-gym-community.html]
[www.pushpress.com/category/gym-challenge.html]
[www.pushpress.com/category/kids-programming.html]
[www.pushpress.com/blog/pushstart-webinar-recap-frequency-based-pricing.html]
[www.pushpress.com/category/frequency-based-pricing.html]
[www.pushpress.com/category/gym-management-software.html]
[www.pushpress.com/blog/four-powerful-pushpress-core-features.html]
[www.pushpress.com/category/product-feature.html]
[www.pushpress.com/blog/improving-mental-health-self-defense-danae-hudson.html]
[www.pushpress.com/category/mental-health.html]
[www.pushpress.com/category/pushpress-free.html]
[www.pushpress.com/blog/training-think-tank-available-pushpress-train.html]
[www.pushpress.com/blog/introducing-habit-tracking-on-pushpress-train-to-boost-member-retention.html]
[www.pushpress.com/category/pushpress-train.html]
[www.pushpress.com/category/gym-policies.html]
[www.pushpress.com/blog/improving-member-experience-results-pushpress-train.html]
[www.pushpress.com/blog/are-you-undercharging-how-to-set-the-right-gym-membership-pricing.html]
[www.pushpress.com/blog/avoid-discounted-gym-membership-pricing.html]
[www.pushpress.com/category/membership-pricing.html]
[www.pushpress.com/category/non-profit.html]
[www.pushpress.com/blog/selling-a-gym-the-two-key-steps-for-a-successful-outcome.html]
[www.pushpress.com/category/legal.html]
[www.pushpress.com/category/email-marketing.html]
[www.pushpress.com/category/gym-safety.html]
[www.pushpress.com/category/member-check-ins.html]
[www.pushpress.com/category/staff-app.html]
[www.pushpress.com/category/selling-gym-memberships.html]
[www.pushpress.com/blog/gym-owners-guide-to-rockin-the-customer-journey-part-5-advocacy.html]
[www.pushpress.com/blog/adapt-and-overcome-how-to-handle-the-top-ten-gym-owner-struggles.html]
[www.pushpress.com/category/gym-owner.html]
[www.pushpress.com/category/march-madness.html]
[www.pushpress.com/blog/pushpress-grow-ultimate-gym-crm-tool.html]
[www.pushpress.com/blog/pushpress-grow-best-gym-crm-for-gym-owners.html]
[www.pushpress.com/blog/three-powerful-new-pushpress-grow-workflows-for-gym-growth.html]
[www.pushpress.com/blog/drumroll-please-the-pushpress-grow-content-library-has-arrived.html]
[www.pushpress.com/blog/pushpress-grow-high-impact-features-tools.html]
[www.pushpress.com/category/pushpress-grow.html]
[www.pushpress.com/category/remote-team.html]
[www.pushpress.com/category/fitness-business.html]
[www.pushpress.com/category/business-mentor.html]
[www.pushpress.com/category/gym-general-manager.html]
[www.pushpress.com/category/gym-leadership.html]
[www.pushpress.com/blog/four-simple-steps-to-write-an-effective-gym-mission-statement.html]
[www.pushpress.com/category/branding.html]
[www.pushpress.com/category/gym-community.html]
[www.pushpress.com/category/continuing-education.html]
[www.pushpress.com/blog/coaching-classes-six-fun-community-building-ideas.html]
[www.pushpress.com/category/coaching.html]
[www.pushpress.com/category/team-meetings.html]
[www.pushpress.com/blog/three-tips-hiring-crossfit-coaches.html]
[www.pushpress.com/category/hiring-coaches.html]
[www.pushpress.com/blog/gym-growth-blueprint-series-part-6-listening-to-member-feedback.html]
[www.pushpress.com/blog/how-an-arkansas-pushpress-gym-grew-to-300-members-in-first-year.html]
[www.pushpress.com/blog/gym-growth-blueprint-series-part-5-insights-for-sustainable-growth.html]
[www.pushpress.com/category/gym-growth.html]
[www.pushpress.com/category/help-first.html]
[www.pushpress.com/blog/the-progrm-hryox-programming-now-available-on-pushpress-train.html]
[www.pushpress.com/blog/spring-training-mayhem-gym-programming.html]
[www.pushpress.com/blog/spring-training-ncfit-gym-programming.html]
[www.pushpress.com/blog/consider-outsourcing-gym-programming-prvn-fitness.html]
[www.pushpress.com/category/gym-programming.html]
[www.pushpress.com/category/gym-events.html]
[www.pushpress.com/blog/make-money-hosting-gym-competition.html]
[www.pushpress.com/category/gym-competition.html]
[www.pushpress.com/category/gym-merchandise.html]
[www.pushpress.com/blog/meet-three-gyms-that-are-skyrocketing-gym-revenue-with-retail-sales.html]
[www.pushpress.com/blog/gym-owner-checklist-increase-gym-revenue.html]
[www.pushpress.com/blog/increasing-gym-membership-prices.html]
[www.pushpress.com/category/gym-revenue.html]
[www.pushpress.com/blog/increase-gym-revenue-selling-personal-training-nutrition-coaching.html]
[www.pushpress.com/category/nutrition-coaching.html]
[www.pushpress.com/category/gym-location.html]
[www.pushpress.com/blog/gym-startup-guide-negotiating-gym-lease.html]
[www.pushpress.com/category/gym-lease.html]
[www.pushpress.com/blog/five-new-gym-partnerships-to-form-this-fall.html]
[www.pushpress.com/blog/stronger-together-new-gym-partnerships-to-consider-this-fall.html]
[www.pushpress.com/blog/form-local-business-gym-partnership.html]
[www.pushpress.com/blog/gym-startup-guide-gym-partnership.html]
[www.pushpress.com/category/gym-partnership.html]
[www.pushpress.com/category/gym-corporate-structure.html]
[www.pushpress.com/category/gym-space.html]
[www.pushpress.com/blog/starting-gym-dos-donts-membership-discounts.html]
[www.pushpress.com/category/gym-startup.html]
[www.pushpress.com/blog/gym-startup-guide-tracking-important-gym-metrics.html]
[www.pushpress.com/category/gym-metrics.html]
[www.pushpress.com/blog/the-more-the-merrier-pushpress-hacks-for-the-ultimate-referral-program.html]
[www.pushpress.com/category/referral-program.html]
[www.pushpress.com/blog/keep-it-simple-five-essential-tips-for-successful-digital-gym-marketing.html]
[www.pushpress.com/blog/gym-owners-guide-to-rockin-the-customer-journey-part-i-awareness.html]
[www.pushpress.com/category/gym-marketing.html]
[www.pushpress.com/category/gym-membership-sales.html]
[www.pushpress.com/category/automation.html]
[www.pushpress.com/blog/how-rare-breed-crossfit-built-an-inclusive-gym-with-pushpress.html]
[www.pushpress.com/blog/how-pushpress-impressed-an-18-year-fitness-industry-veteran.html]
[www.pushpress.com/blog/high-ticket-gym-sales.html]
[www.pushpress.com/category/client-spotlight-1.html]
[www.pushpress.com/blog/its-just-storytelling-generate-more-leads-with-your-gym-social-media.html]
[www.pushpress.com/blog/gym-growth-social-media-influencers.html]
[www.pushpress.com/category/social-media.html]
[www.pushpress.com/blog/how-a-michigan-gym-uses-committed-club-to-increase-member-retention.html]
[www.pushpress.com/blog/gym-owners-guide-to-rockin-the-customer-journey-part-4-retention.html]
[www.pushpress.com/blog/understanding-member-retention-life-cycle.html]
[www.pushpress.com/category/member-retention.html]
[cdn.prod.website-files.com/60359921321f8d62cd691da7/63753fc3f93fb52ebbcab667_Screenshot 2022-11-16 at 1.38.39 PM.png]
[cdn.prod.website-files.com/60359921321f8d62cd691da7/697390ab00131acb66f61c0a_Blog Hero Images.png]
[www.pushpress.com/start-a-gym/why-you-should-have-a-powerful-gym-website.html]
[www.pushpress.com/blog/trial-program.html]
[cdn.prod.website-files.com/60359921321f8d62cd691da7/69739d4b979f0236637ab336_image (1).png]
[www.pushpress.com/blog/what-gym-websites-get-right.html]
[cdn.prod.website-files.com/60359921321f8d62cd691da7/697256f51f75328ca2b82a29_Blog Hero Images.png]
[www.pushpress.com/taglist/member-retention-8047b.html]
[www.pushpress.com/blog/3-ways-to-reduce-gym-churn-in-2026.html]
[www.pushpress.com/taglist/automation.html]
[cdn.prod.website-files.com/60359921321f8d62cd691da7/695d5ccf2bb840c96d73c094_Blog Hero Images.png]
[www.pushpress.com/blog/how-to-make-gym-goals.html]
[cdn.prod.website-files.com/60359921321f8d62cd691da7/6945a4cf92f9e61d084456c3_Blog Hero Image [Gifts for Gym Lovers].png]
[www.pushpress.com/podcast-v1/nick-reyes-chief-happiness-officer-of-pushpress.html]
[www.pushpress.com/blog/key-takeaways-webinar-ai-for-fitness-leaders.html]
[cdn.prod.website-files.com/60359921321f8d62cd691da7/694441578435a94e04bc4a1a_12.19_BlogCover_PushPressWrapped.png]
[cdn.prod.website-files.com/60359921321f8d62cd691da7/69447b25fa5fc62ff5ed89a7_12.19_PPWrapped_02.png]
[cdn.prod.website-files.com/60359921321f8d62cd691da7/69447b5b945ddba756248a9d_12.19_PPWrapped_03.png]
[cdn.prod.website-files.com/60359921321f8d62cd691da7/69447bcb28a8ad2cabb7cf6b_12.19_PPWrapped_04.png]
[cdn.prod.website-files.com/60359921321f8d62cd691da7/6944387db68ae1a392c6d7c2_Screenshot 2025-12-18 at 12.22.59 PM.png]
[cdn.prod.website-files.com/60359921321f8d62cd691da7/69457910edb2436bbb6a9936_PushPress_Summit2025_TeamPhoto (1).jpg]
[cdn.prod.website-files.com/60359921321f8d62cd691da7/69457686162f828b6176cdd2_12.19_PPWrapped_06 (1).png]
[cdn.prod.website-files.com/60359921321f8d62cd691da7/69447cb0a2195fde816299eb_12.19_PPWrapped_07.png]
[www.pushpress.com/blog/pushpress-wrapped-2025.html]
[cdn.prod.website-files.com/60359921321f8d62cd691da7/6941cfe22e5c6e1248292542_12.18_BlogCover_2025Product.png]
[cdn.prod.website-files.com/60359921321f8d62cd691da7/6944487e1d60f1a72aae8f79_Screenshot 2025-12-18 at 1.30.18 PM.png]
[cdn.prod.website-files.com/60359921321f8d62cd691da7/69444c22ee746b02555b60a3_image (1).png]
[www.pushpress.com/feature-list/staff-app.html]
[cdn.prod.website-files.com/60359921321f8d62cd691da7/694330c307936d5292202fba_image.png]
[cdn.prod.website-files.com/60359921321f8d62cd691da7/6943096facdcc354b09e0f47_Create a Plan.gif]
[cdn.prod.website-files.com/60359921321f8d62cd691da7/69430ada193ddf32237aa01a_People List Refresh.gif]
[cdn.prod.website-files.com/60359921321f8d62cd691da7/6943310478b284588150b8f5_Screenshot 2025-10-02 at 4.13.17 PM.png]
[cdn.prod.website-files.com/60359921321f8d62cd691da7/694332a5b601b262702df59c_16532C47-E88C-4189-86EA-7DABC0CCDF4A - Edited.jpg]
[www.pushpress.com/blog/2025-the-year-pushpress-hit-a-pr.html]
[cdn.prod.website-files.com/60359921321f8d62cd691da7/69333165172be9fb85249cea_Minimal Photocentric Productivity Blog Banner.png]
[cdn.prod.website-files.com/60359921321f8d62cd691da7/69330d2d6c01dca4fd2a3cbf_delaney-van-Mzu7qcmP5tk-unsplash.jpg]
[cdn.prod.website-files.com/60359921321f8d62cd691da7/69332ab8320067cf708a39dc_Screenshot 2025-12-05 at 1.53.03 PM.png]
[www.pushpress.com/blog/10-best-fitness-gifts-for-gym-lovers.html]
[cdn.prod.website-files.com/60359921321f8d62cd691da7/68ffaf42975d4f7bb5b9c4f5_20251024-DSC07789.jpg]
[www.pushpress.com/blog/why-pushpress-is-going-ai-first-and-what-it-means-for-gyms.html]
[www.pushpress.com/blog/march-2025-updates-core-dashboard.html]
[www.pushpress.com/blogc440.html]
[www.pushpress.com/blog2a7a.html]
[www.pushpress.com/podcast/window.location.href]
[www.pushpress.com/podcast/make-your-gym-better-by-unlocking-customer-feedback.html]
[www.pushpress.com/podcast/sales-is-the-first-act-of-coaching.html]
[www.pushpress.com/podcast/your-coaches-should-be-influencers.html]
[www.pushpress.com/podcast/why-gym-cliques-could-actually-be-good-for-business.html]
[cdn.prod.website-files.com/60359921321f8d62cd691da7/6758db0d3b7d3a87fdb95b58_podcast-cover-1.png]
[www.pushpress.com/podcast/bankers-piss-me-off-and-screw-over-gyms.html]
[www.pushpress.com/events/window.location.href]
[www.pushpress.com/events/wodapalooza-2026.html]
[www.pushpress.com/events/canadian-crossfit-affiliate-summit-toronto.html]
[www.pushpress.com/events/your-2026-member-onboarding-playbook.html]
[www.pushpress.com/events/what-separates-7-figure-martial-arts-academies-from-the-rest.html]
[www.pushpress.com/events/no-gi-pans-ibjjf-2025.html]
[www.pushpress.com/events/affiliatecon-2025.html]
[www.pushpress.com/events/fuji-bjj-expo-2026.html]
[www.pushpress.com/events/pregnancy-and-postpartum-live-certification-event-2026.html]
[www.pushpress.com/events/business-for-unicorns-atlanta-2026.html]
[cdn.prod.website-files.com/60359921321f8d5992691da6/69977c0fd9ad7fc84e19f39d_Untitled design (10).png]
[cdn.prod.website-files.com/60359921321f8d5992691da6/699779d3fac80972be22e0b4_HYROX.png]
[cdn.prod.website-files.com/60359921321f8d5992691da6/699783d886ef058e10f04c5e_Untitled design (11).png]
[cdn.prod.website-files.com/60359921321f8d5992691da6/699779d430f850b9bf391645_Workout_Delivery.png]
[cdn.prod.website-files.com/60359921321f8d5992691da6/699779d43ba1c1dea04d1770_dc649a52-93aa-430d-a32f-667b26eab549.png]
[www.pushpress.com/partners/hyrox-x-train-by-pushpress.html]
[cdn.prod.website-files.com/60359921321f8d5992691da6/6949a10803c858398234193f_Image 1.png]
[cdn.prod.website-files.com/60359921321f8d5992691da6/6949a107c492d2c49f14b763_Image 2.png]
[cdn.prod.website-files.com/60359921321f8d5992691da6/6949a9c03e6b83df8a06e266_Bolder Athlete.png]
[cdn.prod.website-files.com/60359921321f8d5992691da6/6949a107ab65f6a689a3b2cf_Image 3.png]
[www.pushpress.com/partners/bolder-affiliate.html]
[cdn.prod.website-files.com/60359921321f8d5992691da6/679d94014819feb5f4f95fc2_Hero Image (1).jpg]
[www.pushpress.com/partners/prsallday.html]
[www.pushpress.com/partners/bruteaffiliate.html]
[www.pushpress.com/partners/window.location.html]
[cdn.prod.website-files.com/60359921321f8d5992691da6/609be582da7ac9808b040056_Rectangle 282 (1) (1) (1).png]
[cdn.prod.website-files.com/60359921321f8d62cd691da7/60359921321f8df1f76923cb_pexels-picjumbocom-196645.jpg]
[cdn.prod.website-files.com/60359921321f8d62cd691da7/60359921321f8d3b1f6923cf_foundersclub-featured-image-pushpress-gym-management-software-min.jpg]
[cdn.prod.website-files.com/60359921321f8d62cd691da7/60359921321f8d54316923d4_pexels-pressmaster-3851254.jpg]
[cdn.prod.website-files.com/60359921321f8d62cd691da7/605aa2c6706f042f204f687e_Wuest.jpg]
[cdn.prod.website-files.com/60359921321f8d62cd691da7/60561ce6045cfcc8d707c910_Heppner.jpg]
[cdn.prod.website-files.com/60359921321f8d62cd691da7/6047a0cba856a1ef2d977743_Baitieri.jpg]
[cdn.prod.website-files.com/60359921321f8d62cd691da7/609cf24abc53f4287c183ae6_e3.jpg]
[cdn.prod.website-files.com/60359921321f8d62cd691da7/609cf1f89f729831afeb3f77_e2.jpg]
[cdn.prod.website-files.com/60359921321f8d62cd691da7/609cf1883bfeb2618b2ef7e4_e1.jpg]
[cdn.prod.website-files.com/60359921321f8d62cd691da7/609cf460744bad7f899c10f2_maxresdefault.jpg]
[cdn.prod.website-files.com/60359921321f8d62cd691da7/609cf4a6d7003b112eca2158_maxresdefault-1.jpg]
[cdn.prod.website-files.com/60359921321f8d62cd691da7/609cf4e5e56af2c655d45d7f_maxresdefault-2.jpg]
[cdn.prod.website-files.com/60359921321f8d62cd691da7/60359921321f8d744769239a_Tarrah-and-Zak-Owners.jpg]
[cdn.prod.website-files.com/60359921321f8d62cd691da7/60359921321f8da97d692396_gym-management-software-crosfit-h-town-2-980x653.jpg]
[www.pushpress.com/resources.html]
[cdn.prod.website-files.com/60359921321f8d62cd691da7/68a635fc9d16d31277a3184d_Recurring Appointments.gif]
[cdn.prod.website-files.com/60359921321f8d62cd691da7/68a4f980a225692548ec9645_icon-calendar add.png]
[cdn.prod.website-files.com/60359921321f8d62cd691da7/68a4f73e6bc77f6ea8554839_icon-refresh.png]
[cdn.prod.website-files.com/60359921321f8d62cd691da7/68a4f867fd0402f116c71760_icon-medal.png]
[cdn.prod.website-files.com/60359921321f8d62cd691da7/68a4f68284c3276112c04f90_Recurring Appts.png]
[cdn.prod.website-files.com/60359921321f8d62cd691da7/68a63403cb775e6cea2162fe_Hybrid Plans.png]
[cdn.prod.website-files.com/60359921321f8d62cd691da7/68a779dac0f5c039b8e54a4e_Pricing Tiers.png]
[www.pushpress.com/features/staff-app-chat-for-gyms.html]
[cdn.prod.website-files.com/60359921321f8d62cd691da7/68a7a99b563b3b49f3898901_Staff App Chat.png]
[www.pushpress.com/features/window.location.href]
[www.pushpress.com/features/recurring-appointments-gym-scheduling.html]
[cdn.prod.website-files.com/60359921321f8d62cd691da7/68dd41b144e36aaf33f5f359_People Profile Refresh-9.30.gif]
[cdn.prod.website-files.com/60359921321f8d62cd691da7/68d2ee1ef1ec5122844174b1_icon-columns layout.png]
[cdn.prod.website-files.com/60359921321f8d62cd691da7/68d2ee276fa9b9f509749356_icon-data flow.png]
[cdn.prod.website-files.com/60359921321f8d62cd691da7/68a63c3190a2a7b85af3caf4_icon-phone.png]
[cdn.prod.website-files.com/60359921321f8d62cd691da7/68dd96fafbe9bd3e5fb8a997_People Profile Refresh.png]
[cdn.prod.website-files.com/60359921321f8d62cd691da7/68a7a9069eea2a06c44473bf_Plan Switch.png]
[www.pushpress.com/features/people-profile.html]
[cdn.prod.website-files.com/60359921321f8d62cd691da7/649302a77c1d7d47a21ef7eb_fixed-on-fitness-community_58b003637d9cea0ed76f1ddbc287da04_2000.jpg]
[cdn.prod.website-files.com/60359921321f8d62cd691da7/649302a87c1d7d47a21ef7ef_fixed-on-fitness-community_58b003637d9cea0ed76f1ddbc287da04_800.jpg]
[cdn.prod.website-files.com/60359921321f8d62cd691da7/649302a87c1d7d47a21ef7f3_gym-member-check-ins-drive-retention-numbers_3efdd96702d3179035433cfbb57c29b8_800.jpg]
[www.pushpress.com/blog/gym-member-check-ins.html]
[cdn.prod.website-files.com/60359921321f8d62cd691da7/649302a87c1d7d47a21ef7f7_consistency-is-key-for-client-results-and-gym-growth_eb6b6409fb31b8b23d3dd4d2fab3cff5_800.jpg]
[d37oebn0w9ir6a.cloudfront.net/scripts/v0/strchf.js]
[www.pushpress.com/blog/gym-member-check-ins-winner-fixed-on-fitness.html]
[www.pushpress.com/taglist/window.location.href]
[www.pushpress.com/taglist/lead-nurture.html]
[www.pushpress.com/blog/window.location.html]
[cdn.prod.website-files.com/60359921321f8d62cd691da7/6525b4d7ffcd94972da030a0_Monica Hilton-min.png]
[cdn.prod.website-files.com/60359921321f8d62cd691da7/63b5910a5d8ce76c559b6f32_Avoidcommongymlegalissues_2cc31012a890fc8d833775bdc07ab5cb_2000.jpg]
[cdn.prod.website-files.com/60359921321f8d62cd691da7/63b5910a5d8ce7b7ce9b7067_Avoidcommongymlegalissues_2cc31012a890fc8d833775bdc07ab5cb_800.jpg]
[cdn.prod.website-files.com/60359921321f8d62cd691da7/638f5936c485e78752008a2d_BusyseasonduringgymNewYearsrush_f6910fed2e220a29976f318477d7f68b_800.jpg]
[cdn.prod.website-files.com/60359921321f8d62cd691da7/63651b20cdeaca20738a8936_Gymintrovisitandmembershipsignup_ee4f0ce9812b28b6f3a5e2791b87607b_800.png]
[www.pushpress.com/blog/onboarding-new-gym-members.html]
[cdn.prod.website-files.com/60359921321f8d62cd691da7/63b5910a5d8ce7b5309b7066_ChildcareServiceatYourGym_62f313f705719da783730b06d32cd6f2_800.jpg]
[www.pushpress.com/blog/gym-startup-guide-gym-legal-issues.html]
[cdn.prod.website-files.com/60359921321f8d62cd691da7/61826831c1cc395d59d8bff8_242352344_10165969035915341_102515337646891989_n.jpg]
[cdn.prod.website-files.com/60359921321f8d62cd691da7/673f4b258a434e9cb224652c_pushpress2020photos-9_74c7737f3e604c55ecf23df19a89378c_2000.jpg]
[cdn.prod.website-files.com/60359921321f8d62cd691da7/673f4b268a434e9cb22465c0_pushpress2020photos-9_fc728915053c03806d4513b6caf59f5e_800.jpg]
[cdn.prod.website-files.com/60359921321f8d62cd691da7/673f4b268a434e9cb22465ca_pushpress2020photos-27_d79312fb61e52e5b42d4e8d77d821bf8_800.jpg]
[www.pushpress.com/blog/gym-owner-debate-onboarding-personal-training-versus-group.html]
[cdn.prod.website-files.com/60359921321f8d62cd691da7/673f4b268a434e9cb22465bc_pushpress2020photos-8_ef602a77e492e18ea921038906bce8b5_800.jpg]
[www.pushpress.com/taglist/gym-onboarding.html]
[www.pushpress.com/blog/gym-onboarding-series-part-3-straight-to-class-and-group-onramps.html]
[cdn.prod.website-files.com/60359921321f8d5992691da6/64070b38f897a28061936779_image 12.png]
[cdn.prod.website-files.com/60359921321f8d5992691da6/64f8ebb9106a6d00c7934588_member-app-hero.png]
[cdn.prod.website-files.com/60359921321f8d5992691da6/64f95c8940f35b04cd38f223_Media-1.png]
[cdn.prod.website-files.com/60359921321f8d5992691da6/64f96165741588aefce5a3d2_Media-2.png]
[cdn.prod.website-files.com/60359921321f8d5992691da6/64f9632d7048680035569500_Media-3.png]
[cdn.prod.website-files.com/60359921321f8d5992691da6/64f963db83d5fe550605d526_Media-4.png]
[www.pushpress.com/feature-list/window.location.href]
[www.pushpress.com/feature-list/member-app.html]
[cdn.prod.website-files.com/60359921321f8d62cd691da7/6422f329439a4a651cfcda10_how-pushpress-helped-cft-fitness-grow_4de377ed841d984992ba02be1e9d7b52_2000.jpg]
[cdn.prod.website-files.com/60359921321f8d62cd691da7/6422f32a439a4a7d5efcdbcf_how-pushpress-helped-cft-fitness-grow_4de377ed841d984992ba02be1e9d7b52_800.jpg]
[www.pushpress.com/blog/increase-revenue-high-ticket-gym-services.html]
[cdn.prod.website-files.com/60359921321f8d62cd691da7/6422f32a439a4aff0dfcdbf9_chris-williams-with-family_b34a095eca3cac9bd96c65f36126fda0_800.jpg]
[cdn.prod.website-files.com/60359921321f8d62cd691da7/6422f32a439a4a2edefcdbce_cft-fitness-coach_bf57168d0e76fb86a5f103fa175cd6f4_800.jpg]
[www.pushpress.com/blog/running-two-gyms-using-pushpress-technology.html]
[cdn.prod.website-files.com/60359921321f8d62cd691da7/6966b90d677de118174dc92a_Blog Hero Images.png]
[cdn.prod.website-files.com/60359921321f8d62cd691da7/68129e1e2c9f064e3111dc10_68128a38ac1b10397f9d07ca_a7s05527_d105c830f89c290b2703ee1da3b55d8f_800.jpg]
[cdn.prod.website-files.com/60359921321f8d62cd691da7/6966b01ababb27d03d00d19d_Title-1-1-1024x576.jpg]
[www.pushpress.com/landing/martial-arts-software.html]
[www.pushpress.com/landing/jiu-jitsu-management-software.html]
[www.pushpress.com/blog/martial-arts-rank-tracking.html]
[www.pushpress.com/blog/switching-from-zen-planner-to-pushpress.html]
[www.pushpress.com/taglist/gym-management-software-04e10.html]
[www.pushpress.com/legal/window.location.href]
[www.pushpress.com/legal/terms-of-service.html]
[www.pushpress.com/legal/privacy-policy.html]
[www.pushpress.com/GET.html]
[www.pushpress.com/button.href, window.location.html]
[cdn.prod.website-files.com/60359921321f8d62cd691da7/677fdbb5c58e30595853be33_pushpress2020photos-21_868504d478969cdb848b255d7a0fd1eb_2000.jpg]
[cdn.prod.website-files.com/60359921321f8d62cd691da7/67619259bc0c29d6bab7cba9_pushpress2020photos-26_58caf601da11d95191e8ddf99404eb81_800.jpg]
[cdn.prod.website-files.com/60359921321f8d62cd691da7/67619259bc0c29d6bab7cba5_pushpress2020photos-21_7309100a04b50b8def376d501e17aa1c_800.jpg]
[www.pushpress.com/blog/increase-gym-revenue-six-merchandise-ideas.html]
[www.pushpress.com/blog/how-to-create-a-gym-marketing-plan-focused-on-growth.html]
[cdn.prod.website-files.com/60359921321f8d62cd691da7/6514359e7354f23f6d7994c0_create-a-gym-marketing-funnel_a708437cf7974515ccf2257c81786a9e_2000.jpg]
[cdn.prod.website-files.com/60359921321f8d62cd691da7/6514359f7354f23f6d799505_create-a-gym-marketing-funnel_a708437cf7974515ccf2257c81786a9e_800.jpg]
[cdn.prod.website-files.com/60359921321f8d62cd691da7/634182768c625357aa8830d6_Researchinggyms_f7fd19f0bed38eac8fd00f789dd7d047_800.jpg]
[cdn.prod.website-files.com/60359921321f8d62cd691da7/6459008f336b8a7730e3da95_help-first-mentality-for-gym-members_bb57eee3a2dbf2fe40a66e20063c1792_800.jpg]
[www.pushpress.com/blog/building-successful-gym-marketing-funnel.html]
[www.pushpress.com/fitness-business-software/crossfit.html]
[www.pushpress.com/fitness-business-software/speed-school.html]
[www.pushpress.com/fitness-business-software/sports-performance.html]
[www.pushpress.com/products/grow-1.html]
[www.pushpress.com/category/window.location.html]
[cdn.prod.website-files.com/60359921321f8d62cd691da7/64c91002a922f45d4770e8d2_cft-fitness-tracy-ca_9fe7bdfd2330f0816ef2dc0182021da9_2000.jpg]
[cdn.prod.website-files.com/60359921321f8d62cd691da7/64c91003a922f45d4770e8f6_2020fit-in-prairie-village-ks_3e4c89ea7aafe3a14968e4c0a7a9642e_800.jpg]
[cdn.prod.website-files.com/60359921321f8d62cd691da7/64c91003a922f45d4770e8fb_all-fit-orlando-fl_ec31b32d6fd2db6ce9a02c9055d99d91_800.jpg]
[cdn.prod.website-files.com/60359921321f8d62cd691da7/64c91002a922f45d4770e8dc_cft-fitness-tracy-ca_9fe7bdfd2330f0816ef2dc0182021da9_800.jpg]
[cdn.prod.website-files.com/60359921321f8d62cd691da7/64c91002a922f45d4770e8f3_crossfit-cerberus-blue-springs-mo_b616ef83ff1729d69d25a05f6fbaffbd_800.jpg]
[cdn.prod.website-files.com/60359921321f8d62cd691da7/64c91002a922f45d4770e8e3_dominion-mma-san-antonio-tx_622ad3d38d50f57e1cab3436b74c3e5a_800.jpg]
[cdn.prod.website-files.com/60359921321f8d62cd691da7/64c91002a922f45d4770e8d8_parkside-crossfit-north-hollywood-ca_9962f5219f1c740d1705f44694f8ac53_800.jpg]
[www.pushpress.com/blog/hitting-revenue-prs-pushpress-gym-growth.html]
[cdn.prod.website-files.com/60359921321f8d62cd691da7/64c91002a922f45d4770e8e6_swift-river-crossfit-conway-nh_84449fcb0bfbbe6d5a7d3254ccf4dda4_800.jpg]
[cdn.prod.website-files.com/60359921321f8d62cd691da7/64c91002a922f45d4770e8eb_vibe-boxing-club-iowa-city-ia_90ed9117d77a4aa81cb5ac1eb7bdf333_800.jpg]
[www.pushpress.com/blog/pushpress-grow-is-the-perfect-option-for-crossfit-gym-site-hosting.html]
[cdn.prod.website-files.com/60359921321f8d62cd691da7/67eea4200cda80be8471b06e_pushpress2020photos-18_6153348e776c2b14fd70c356ec67aa41_2000.jpg]
[cdn.prod.website-files.com/60359921321f8d62cd691da7/67eea4210cda80be8471b0a6_sync-and-filters_5e6e9af473ed6cfc2e34929062a62614_800.jpg]
[cdn.prod.website-files.com/60359921321f8d62cd691da7/67eea4210cda80be8471b0aa_sticky-note_e9c8b7be70432f70d16997ed47df785a_800.jpg]
[www.pushpress.com/blog/grow-gym-crm-updates-2025.html]
[cdn.prod.website-files.com/60359921321f8d62cd691da7/681a13cb0719344c88fcc1fa_productpush-blog-1_f57c505a58be7bd19260792494fc8519_2000.jpg]
[cdn.prod.website-files.com/60359921321f8d62cd691da7/681a13cc0719344c88fcc27c_rank-tracking-2_b1b04f04ce6afe6138ba8d65a04fed63.gif]
[cdn.prod.website-files.com/60359921321f8d62cd691da7/681a13cc0719344c88fcc273_people-list-refresh_0fc039a70842fb82060f443b0d9f8b46.gif]
[cdn.prod.website-files.com/60359921321f8d62cd691da7/681a13cc0719344c88fcc276_prorated-plan-purchases_6cf6066d5369d6b80ee1914f9fb4bdd9.gif]
[www.pushpress.com/blog/productpush-april-2025.html]
[cdn.prod.website-files.com/60359921321f8d62cd691da7/65a7eb9280ac4527101c8f23_crossfit-classes-at-saddle-up-crossfit_e2cd6c3aa688850bcf45664bf0a15b88_2000.jpg]
[cdn.prod.website-files.com/60359921321f8d62cd691da7/646b75aac251f66932335c49_crossfit-classes-at-saddle-up-crossfit_e2cd6c3aa688850bcf45664bf0a15b88_800.jpg]
[www.pushpress.com/blog/gym-buyer-personas.html]
[cdn.prod.website-files.com/60359921321f8d62cd691da7/655e17b50a8190b460bb5588_automating-gym-social-media-posts_a07aa86e8c53d2c94ba4503fcaee8e94_800.jpg]
[www.pushpress.com/blog/gym-member-referral-program.html]
[cdn.prod.website-files.com/60359921321f8d62cd691da7/6447dcf8f475336ce8ab2309_pushpress-gyms-members-can-easily-book-appointments_3abbe85e7356eb8be7c627a588640ec2_800.jpg]
[www.pushpress.com/blog/fit-to-publish-how-to-create-and-repurpose-compelling-gym-content.html]
[cdn.prod.website-files.com/60359921321f8d62cd691da7/66bcbf8529dd1fdb7e3fe960_ultimate-member-experience_e017b40d4b62b46f190809a8619714e1_2000.jpg]
[cdn.prod.website-files.com/60359921321f8d62cd691da7/65e73392430ae9e89baa2d4a_ultimate-member-experience_e017b40d4b62b46f190809a8619714e1_800.jpg]
[www.pushpress.com/blog/build-gym-community.html]
[cdn.prod.website-files.com/60359921321f8d62cd691da7/6481df064939b9284328dc42_community-overall-wellness-and-holistic-approach-to-fitness_ca4137e7db36a34a123c062d83ab150b_800.jpg]
[cdn.prod.website-files.com/60359921321f8d62cd691da7/663cd6fda6dee45fa3bf48b1_fitness-solutions-for-every-fitness-level_0b12d6b9c7361e5f99a00940246cbcc1_800.jpg]
[www.pushpress.com/taglist/gym-growth-26789.html]
[www.pushpress.com/blog/why-you-should-consider-offering-hybrid-gym-memberships-this-fall.html]
[cdn.prod.website-files.com/60359921321f8d62cd691da7/65ddf937b087bdcb23c43308_DevelopmentPathwayfortheCrossFitTrainer_3ea1fe9a886ebb19adf35e20328240c8_2000.jpg]
[cdn.prod.website-files.com/60359921321f8d62cd691da7/65ddf939b087bdcb23c434c8_DevelopmentPathwayfortheCrossFitTrainer_3ea1fe9a886ebb19adf35e20328240c8_800.jpg]
[cdn.prod.website-files.com/60359921321f8d62cd691da7/65ddf939b087bdcb23c434cd_hybrid-gym-membership-billing_1ea3e1376614f05c9a1920deff749892_800.jpg]
[cdn.prod.website-files.com/60359921321f8d62cd691da7/6495a5aa7b31f2706345fe89_five-core-features-to-help-with-gym-management_9533be493989f74befdcf1152514f7a3_800.jpg]
[www.pushpress.com/blog/hybrid-gym-memberships-increase-average-client-value.html]
[cdn.prod.website-files.com/60359921321f8d62cd691da7/65d60c804a059a068cf1daaf_ExcessiveLoudNoise_c79e1136594fc9fa0a4ca256b8ed53f8_2000.jpg]
[www.pushpress.com/blog/increase-gym-member-retention-crossfit-open.html]
[cdn.prod.website-files.com/60359921321f8d62cd691da7/65d60c814a059a068cf1db00_ExcessiveLoudNoise_c79e1136594fc9fa0a4ca256b8ed53f8_800.jpg]
[cdn.prod.website-files.com/60359921321f8d62cd691da7/65d60c814a059a068cf1db05_maximize-recovery-and-improve-mental-health_fe9ec8aad9001e2bf23cc18787fba0cb_800.jpg]
[www.pushpress.com/taglist/habit-tracking.html]
[www.pushpress.com/blog/how-a-missouri-owner-manages-his-gym-and-a-non-profit-with-pushpress.html]
[www.pushpress.com/blog/elevate-members-crossfit-open-experience-pushpress-train.html]
[cdn.prod.website-files.com/60359921321f8d62cd691da7/65ba6091b4751b102262342c_owning-a-gym-business_26b9e9dd317be66046e52694bf3c2a4e_2000.jpg]
[cdn.prod.website-files.com/60359921321f8d62cd691da7/65ba6092b4751b102262345b_owning-a-gym-business_26b9e9dd317be66046e52694bf3c2a4e_800.jpg]
[cdn.prod.website-files.com/60359921321f8d62cd691da7/65ba6092b4751b1022623476_sarah-heimer-owner-of-crossfit-unforgiven_9c533de72bd0140dd5bef9c0fe755f4d_800.jpg]
[cdn.prod.website-files.com/60359921321f8d62cd691da7/65ba6092b4751b102262347a_crossfit-unforgiven-gym-community_e61268fa51d462efec0c0dacc6c7989d_800.jpg]
[www.pushpress.com/blog/finding-gym-space-owning-versus-renting.html]
[cdn.prod.website-files.com/60359921321f8d62cd691da7/64f8861d81719aa2d3718b5a_greg-buck-with-crossfit-arioch-member_a3ff87d9c401608826457335c280e142_800.jpg]
[cdn.prod.website-files.com/60359921321f8d62cd691da7/658301b4bbdda19353253a70_ultimate-member-experience_eb1a1d75b363572fb13abd4620a7b00c_800.jpg]
[www.pushpress.com/blog/gym-rebranding-steps.html]
[cdn.prod.website-files.com/60359921321f8d62cd691da7/645a520e43989a43dd42be87_use-social-planner-to-automate-and-schedule-social-media-posts_c43e0f9fdc69ae404d1c105a35cf1e91_2000.jpg]
[cdn.prod.website-files.com/60359921321f8d62cd691da7/645a520f43989a676c42bf6c_use-social-planner-to-automate-and-schedule-social-media-posts_c43e0f9fdc69ae404d1c105a35cf1e91_800.jpg]
[cdn.prod.website-files.com/60359921321f8d62cd691da7/633301fcf44b20d7d166dad9_CrossfitBlack_7b102b98b36926534746c4a8a623813b_800.jpg]
[www.pushpress.com/blog/successful-member-conversion.html]
[cdn.prod.website-files.com/60359921321f8d62cd691da7/644a9fa310bb17d96dee72f6_thank-members-for-gym-referrals_c52eada9111faf1e2287f874f3ed426a_800.jpg]
[www.pushpress.com/blog/digital-marketing-101-how-to-improve-seo-for-your-gym-website.html]
[cdn.prod.website-files.com/60359921321f8d62cd691da7/64aecac430a87ed7e7be8417_gym-membership-includes-community-and-accountability_cbccaa24b1d4751e0764c3aaacc93f5a_2000.jpg]
[cdn.prod.website-files.com/60359921321f8d62cd691da7/6447dcf8f4753379bcab2312_gym-membership-includes-community-and-accountability_cbccaa24b1d4751e0764c3aaacc93f5a_800.jpg]
[cdn.prod.website-files.com/60359921321f8d62cd691da7/63e3b9139bc05b6631ff20fd_Gymrelationshipsareinevitable_5ba2f519d98e6e2c4fc4c35a102edefc_800.jpg]
[cdn.prod.website-files.com/60359921321f8d62cd691da7/649c3d1b4713ed2f05b97061_building-strong-mental-health-in-your-gym-community_bf08c4a4432e511ae76e4e1fedcc0230_800.jpg]
[www.pushpress.com/blog/creating-healthy-habits-part-4-five-ideas-to-use-in-your-gym-today.html]
[cdn.prod.website-files.com/60359921321f8d62cd691da7/6581b014ced1d5afcdd71b2c_creating-healthy-habits-for-coaches_7b960ceeee15f312a3279ebd9bf6f3ee_2000.jpg]
[cdn.prod.website-files.com/60359921321f8d62cd691da7/6581b015ced1d5afcdd71b63_creating-healthy-habits-for-coaches_7b960ceeee15f312a3279ebd9bf6f3ee_800.jpg]
[cdn.prod.website-files.com/60359921321f8d62cd691da7/6581b015ced1d5afcdd71b69_coaches-coaching-team-members_ff642a90797680ed7758d186d9cf963a_800.jpg]
[cdn.prod.website-files.com/60359921321f8d62cd691da7/6581b015ced1d5afcdd71b66_mental-health-break-for-coaches_727a946bb806e176af96ce319dbeedcd_800.jpg]
[www.pushpress.com/taglist/ncfit.html]
[www.pushpress.com/blog/five-ways-to-create-healthy-habits-with-your-team-of-coaches.html]
[cdn.prod.website-files.com/60359921321f8d62cd691da7/66fc00a637048fdf64309108_ks-athletic-club-gym-halloween_ffcfef09cdfe7fb69ffa26e3856216e4_2000.jpg]
[cdn.prod.website-files.com/60359921321f8d62cd691da7/66fc00a737048fdf6430910c_ks-athletic-club-gym-halloween_ffcfef09cdfe7fb69ffa26e3856216e4_800.jpg]
[cdn.prod.website-files.com/60359921321f8d62cd691da7/66fc00a737048fdf64309114_smcf-halloween-costumes_3ea73c1f1adb0c3161a17ef5a535f0aa_800.jpg]
[cdn.prod.website-files.com/60359921321f8d62cd691da7/66fc00a737048fdf64309110_legacy-athletics-halloween-event_e2e68868cdc74039e2ee1040a95d5aa0_800.jpg]
[www.pushpress.com/blog/eight-fun-gym-halloween-ideas-2024.html]
[www.pushpress.com/taglist/halloween-44965.html]
[cdn.prod.website-files.com/60359921321f8d62cd691da7/655cc607c43c2fe8bb5c5ac1_expand-courses-in-pushstart-by-pushpress_4413e12332cc8781503cd643ad68e8a5_2000.jpg]
[cdn.prod.website-files.com/60359921321f8d62cd691da7/655cc608c43c2fe8bb5c5cf6_expand-courses-in-pushstart-by-pushpress_4413e12332cc8781503cd643ad68e8a5_800.jpg]
[cdn.prod.website-files.com/60359921321f8d62cd691da7/655cc608c43c2fe8bb5c5cf9_outline-coach-roles-and-expectations_d2cc7326fadfc98f7fcfa546ec67322e_800.jpg]
[www.pushpress.com/blog/how-much-does-it-cost-to-start-a-fitness-or-gym-business.html]
[cdn.prod.website-files.com/60359921321f8d62cd691da7/655cc609c43c2fe8bb5c5d01_hiring-crossfit-coaches_a12e5e4b6d082dd96a9ba81d1beaee5b_800.jpg]
[www.pushpress.com/blog/the-pushpress-amped-model-part-4-expand-your-fitness-business.html]
[cdn.prod.website-files.com/60359921321f8d62cd691da7/64ef4ba661ebe7d66c9b1ddf_be-professional-when-meeting-leads-for-appointments_22047a7c57aa4551ca891d660065cb53_2000.jpg]
[cdn.prod.website-files.com/60359921321f8d62cd691da7/6452690287146c34e9fda87b_be-professional-when-meeting-leads-for-appointments_22047a7c57aa4551ca891d660065cb53_800.jpg]
[cdn.prod.website-files.com/60359921321f8d62cd691da7/63b594b80d64f219c84687ea_membersurvey_5025a1ac2de7fb928a32a6c9adf58a63_800.jpg]
[cdn.prod.website-files.com/60359921321f8d62cd691da7/64a2d47f00425ea28ca6b174_fun-challenges-for-your-gym-community_fdf317040253ab82b244a0f872b6a25a_800.jpg]
[www.pushpress.com/blog/get-amped-how-pushstart-helps-gym-owners-run-a-better-business.html]
[cdn.prod.website-files.com/60359921321f8d62cd691da7/63da7ebbbdb3284cb352244f_ImpactofStaffDevelopment_62ce5a962f11cdff795bfc9ba270ca0e_2000.jpg]
[cdn.prod.website-files.com/60359921321f8d62cd691da7/63da7ebcbdb328d35e5224b6_ImpactofStaffDevelopment_62ce5a962f11cdff795bfc9ba270ca0e_800.jpg]
[cdn.prod.website-files.com/60359921321f8d62cd691da7/6661c101ce3ec84d20d7a212_ultimate-guide-to-gym-retail-sales_925ffb0b307d14b2b573b66ae84a67ee_800.jpg]
[www.pushpress.com/blog/pushpress-introduces-flex-fees.html]
[cdn.prod.website-files.com/60359921321f8d62cd691da7/654a5110372283433e0cf82d_calculating-cost-of-opening-a-gym_c715584b35d9db0391e1a73580ab37f5_800.jpg]
[www.pushpress.com/blog/a-stronger-core-more-pushpress-features-to-help-level-up-your-gym.html]
[cdn.prod.website-files.com/60359921321f8d62cd691da7/642d7f07bf456804c601aa0c_RewardBehaviorandPerformance_1adaf5a738902f81d0935a89097e5116_2000.jpg]
[cdn.prod.website-files.com/60359921321f8d62cd691da7/642d7f08bf4568006c01abd0_RewardBehaviorandPerformance_1adaf5a738902f81d0935a89097e5116_800.jpg]
[cdn.prod.website-files.com/60359921321f8d62cd691da7/63c82977d96743d3c7035265_High-ticketgymservicestostartofferingtoday_c141a1358abd0293a7b31827f88b279d_800.jpg]
[cdn.prod.website-files.com/60359921321f8d62cd691da7/63eba22154a69e608dc8baf9_FrontDeskStaff_87d4aad7e0692bd073bacf7b9931d00f_800.jpg]
[www.pushpress.com/blog/back-to-basics-six-ways-pushpress-core-helps-you-run-your-gym.html]
[cdn.prod.website-files.com/60359921321f8d62cd691da7/64a6c9068b2f045d27243773_pushpress-makes-financial-reports-easy_b81c44c2d1e632dc3ceca9af45916263_2000.jpg]
[cdn.prod.website-files.com/60359921321f8d62cd691da7/64a6c9068b2f045d2724377d_pushpress-makes-financial-reports-easy_b81c44c2d1e632dc3ceca9af45916263_800.jpg]
[cdn.prod.website-files.com/60359921321f8d62cd691da7/6495a5aa7b31f2706345fe85_product-financial-reports_f72c72a758240cfd2c55068d03587807_800.jpg]
[cdn.prod.website-files.com/60359921321f8d62cd691da7/64a6c9068b2f045d27243779_gymrelationshipsareinevitable_20e205e60f6d36b1909c21ce858a4d10_800.jpg]
[www.pushpress.com/blog/pushpress-secret-superpower-making-financial-reports-exciting.html]
[cdn.prod.website-files.com/60359921321f8d62cd691da7/677fe10ab1ab4fb21cc396a3_fun-challenges-for-your-gym-community_d3403fd87933a3484c24970b36d1b3e9_2000.jpg]
[cdn.prod.website-files.com/60359921321f8d62cd691da7/64a2d47f00425ea28ca6b15b_jumpingjacks_950e8a4a477de0ee5674419e0c6053b5_800.jpg]
[cdn.prod.website-files.com/60359921321f8d62cd691da7/64a2d47f00425ea28ca6b177_organize-a-local-run-for-members_d4bb17a0c8acbce42657dda02a196fc8_800.jpg]
[www.pushpress.com/blog/six-fun-ways-challenge-gym-community.html]
[cdn.prod.website-files.com/60359921321f8d62cd691da7/6491b13f926f2d07abd30495_webinar-032023-fb_d03020ccfbaccb5ec782e3130123d111_2000.png]
[cdn.prod.website-files.com/60359921321f8d62cd691da7/6491b140926f2d07abd305e9_webinar-032023-fb_d03020ccfbaccb5ec782e3130123d111_800.png]
[cdn.prod.website-files.com/60359921321f8d62cd691da7/6477532b04c214920dbb5dc3_learn-to-prioritize-your-gym-task-list-to-save-time_a52d9aafc378e8d1e4e7f0f4fea834e2_800.jpg]
[cdn.prod.website-files.com/60359921321f8d62cd691da7/64511781f10fe24ec0cdf4f3_direct-to-class-is-a-good-option-for-experienced-members_74b3d8d228985f0d560091e4db8e3134_800.jpg]
[cdn.prod.website-files.com/60359921321f8d62cd691da7/6399e508576b4b1cedbd34ba_SalesPlaybook_3d2d39a43e065acad9d88c8a54d6d839_800.jpg]
[cdn.prod.website-files.com/60359921321f8d62cd691da7/635a9b13916b8c24d32c4257_Makemembersfeelwelcome_4d45e1b2ec907b7c7213528e822bb0db_800.png]
[cdn.prod.website-files.com/60359921321f8d62cd691da7/6390aab5a5635fb4487d255a_memberrevenue_2df4b2d0323193800706b6079c31a7da_800.jpg]
[www.pushpress.com/taglist/sell-gym-memberships-8.html]
[www.pushpress.com/blog/pushstart-webinar-recap-frequency-based-pricing.html]
[cdn.prod.website-files.com/60359921321f8d62cd691da7/6495a5a97b31f2706345fe81_five-core-features-to-help-with-gym-management_9533be493989f74befdcf1152514f7a3_2000.jpg]
[cdn.prod.website-files.com/60359921321f8d62cd691da7/636d12372b327f47ef620318_PraxisCoachInteraction_f3e50d2ff4eac43b970c31ea2c21192e_800.jpg]
[www.pushpress.com/blog/four-powerful-pushpress-core-features.html]
[www.pushpress.com/taglist/gym-owner-e.html]
[cdn.prod.website-files.com/60359921321f8d62cd691da7/6488768400f949fd708812ff_improving-mental-health-with-self-defense_3474ae69f72cd55dc1b6de75815a5f18_2000.jpg]
[cdn.prod.website-files.com/60359921321f8d62cd691da7/6488768500f949fd70881307_improving-mental-health-with-self-defense_3474ae69f72cd55dc1b6de75815a5f18_800.jpg]
[cdn.prod.website-files.com/60359921321f8d62cd691da7/6488768500f949fd7088130b_danae-hudson_959c107f52819f402067dd008d830ccd_800.jpg]
[cdn.prod.website-files.com/60359921321f8d62cd691da7/6488768500f949fd70881303_valley-self-defense-community_02c35bd47639cdb8afc1a884902349db_800.jpg]
[www.pushpress.com/blog/improving-mental-health-self-defense-danae-hudson.html]
[cdn.prod.website-files.com/60359921321f8d62cd691da7/6627bf021a8fce46dfe96a7d_ttt-on-pushpress-train_abba9e32b5fe307c6cc2bf56128a85ae_2000.jpg]
[cdn.prod.website-files.com/60359921321f8d62cd691da7/6627bf031a8fce46dfe96ade_ttt-on-pushpress-train_abba9e32b5fe307c6cc2bf56128a85ae_800.jpg]
[cdn.prod.website-files.com/60359921321f8d62cd691da7/6627bf031a8fce46dfe96ae2_training-think-tank-affiliate-programming_c9ec68c810c8a2ae49831e46035bc921_800.jpg]
[cdn.prod.website-files.com/60359921321f8d62cd691da7/6627bf031a8fce46dfe96ae6_crossfit-coaching_0f9c14334b6114fea238174d2b71a294_800.jpg]
[www.pushpress.com/blog/training-think-tank-available-pushpress-train.html]
[cdn.prod.website-files.com/60359921321f8d62cd691da7/65787d4031cce8b4cc12d5e2_pushpress-gyms-members-can-easily-book-appointments_3abbe85e7356eb8be7c627a588640ec2_2000.jpg]
[cdn.prod.website-files.com/60359921321f8d62cd691da7/65787d4031cce8b4cc12d5e6_pushpress-train-habit-tracking_7ee01e585d4779edcd14a894ed329837_800.jpg]
[cdn.prod.website-files.com/60359921321f8d62cd691da7/638a13272ba5fb85bd4b8c5c_Gymsocialmediastrategy_5c0d834e185eff6ce7f5e50c35547cef_800.jpg]
[www.pushpress.com/blog/introducing-habit-tracking-on-pushpress-train-to-boost-member-retention.html]
[cdn.prod.website-files.com/60359921321f8d62cd691da7/64662f9922e5fda4c2e2bd96_pushpress-train-allows-members-to-track-progress-and-performance-data_c02a95ba5dbaee51fd3a78e67f4e46c9_2000.jpg]
[cdn.prod.website-files.com/60359921321f8d62cd691da7/64662f9a22e5fda4c2e2bdc4_pushpress-train-allows-members-to-track-progress-and-performance-data_c02a95ba5dbaee51fd3a78e67f4e46c9_800.jpg]
[cdn.prod.website-files.com/60359921321f8d62cd691da7/6372580f0f91607ba419dcd4_Runastronggympresale_6620faaeadd10a88f23dd51fbe2f29e7_800.jpg]
[www.pushpress.com/blog/help-first-drives-gym-revenue.html]
[cdn.prod.website-files.com/60359921321f8d62cd691da7/6374fb0cbc0a7212de306369_Designauniquesellingproposition_a06dc27ec7a6191034e8da140d1de3f2_800.jpg]
[www.pushpress.com/blog/improving-member-experience-results-pushpress-train.html]
[cdn.prod.website-files.com/60359921321f8d62cd691da7/6687fc7cff388b8715df22e2_thank-members-for-gym-referrals_2865c63c42e4733fee8ad33355073969_2000.jpg]
[cdn.prod.website-files.com/60359921321f8d62cd691da7/6687fc7dff388b8715df2321_thank-members-for-gym-referrals_2865c63c42e4733fee8ad33355073969_800.jpg]
[cdn.prod.website-files.com/60359921321f8d62cd691da7/6687fc7dff388b8715df2325_high-ticketgymservicestostartofferingtoday_790cc0a442f9fe98cb2337b90cfc0bf0_800.jpg]
[cdn.prod.website-files.com/60359921321f8d62cd691da7/6687fc7dff388b8715df231d_postsfrommembersaboutgymmerchandise_5a616f3fac35cd38d00510502e4b15af_800.jpg]
[www.pushpress.com/blog/are-you-undercharging-how-to-set-the-right-gym-membership-pricing.html]
[www.pushpress.com/taglist/membership-pricing-dbaf6.html]
[cdn.prod.website-files.com/60359921321f8d62cd691da7/65e88516c8c705c8f4cf9f9b_gym-membership-pricing-leads-to-growth_d4676c28299c32a0baa07262a64b3858_2000.jpg]
[cdn.prod.website-files.com/60359921321f8d62cd691da7/65e88518c8c705c8f4cfa456_gym-membership-pricing-leads-to-growth_d4676c28299c32a0baa07262a64b3858_800.jpg]
[www.pushpress.com/blog/setting-gym-membership-pricing.html]
[cdn.prod.website-files.com/60359921321f8d62cd691da7/65e88518c8c705c8f4cfa45a_crossfit-okm-gym-community_85a3d57e6d64299e3b6858d63e7e34e8_800.jpg]
[cdn.prod.website-files.com/60359921321f8d62cd691da7/65e88517c8c705c8f4cfa420_terri-rosen-and-melissa-blayman_dcdb063e24fa46cc831f0a8511c98bc3_800.jpg]
[www.pushpress.com/blog/avoid-discounted-gym-membership-pricing.html]
[cdn.prod.website-files.com/60359921321f8d62cd691da7/65391f92c6b30870596384e8_selling-a-gym_529c35f338f8e42b92bd9b8066236af6_2000.jpg]
[cdn.prod.website-files.com/60359921321f8d62cd691da7/65391f94c6b30870596385c6_selling-a-gym_529c35f338f8e42b92bd9b8066236af6_800.jpg]
[cdn.prod.website-files.com/60359921321f8d62cd691da7/646f86316b44c7b2c6bca585_important-gym-mangement-software-features_5fb4dc02158e00afc1e20f7eb41429fb_800.jpg]
[cdn.prod.website-files.com/60359921321f8d62cd691da7/6388cb7ca3defba56d220f71_gymdiscounts_2f6c521bef0d4ee9e53872686aed5119_800.jpg]
[www.pushpress.com/blog/selling-a-gym-the-two-key-steps-for-a-successful-outcome.html]
[cdn.prod.website-files.com/60359921321f8d62cd691da7/644fc5fc4197b8594c3fa818_creating-policies-keeps-gym-member-experience-consistent_f5de6cfbfc1a7220b288546dc4425e8f_800.jpg]
[cdn.prod.website-files.com/60359921321f8d62cd691da7/66a108fce87ac0d0539131dc_cft-fitness-coach_75288585ad9e186a0da94c8dfcdaa4c1_800.jpg]
[www.pushpress.com/blog/gym-owners-guide-to-rockin-the-customer-journey-part-5-advocacy.html]
[cdn.prod.website-files.com/60359921321f8d62cd691da7/64f734a6f25ce0e4986a539b_important-gym-mangement-software-features_5fb4dc02158e00afc1e20f7eb41429fb_2000.jpg]
[cdn.prod.website-files.com/60359921321f8d62cd691da7/641b0a00496c1a1f955dd0d8_swift-river-crossfit-community_64e29271f56cdce8b8b45aa8093af65b_800.jpg]
[www.pushpress.com/blog/gym-unique-selling-proposition.html]
[www.pushpress.com/blog/adapt-and-overcome-how-to-handle-the-top-ten-gym-owner-struggles.html]
[www.pushpress.com/blog/lasso-series-1-crafting-offers.html]
[www.pushpress.com/blog/pushpress-grow-ultimate-gym-crm-tool.html]
[www.pushpress.com/blog/pushpress-grow-best-gym-crm-for-gym-owners.html]
[www.pushpress.com/blog/three-powerful-new-pushpress-grow-workflows-for-gym-growth.html]
[www.pushpress.com/blog/drumroll-please-the-pushpress-grow-content-library-has-arrived.html]
[www.pushpress.com/blog/pushpress-grow-high-impact-features-tools.html]
[www.pushpress.com/blog/four-simple-steps-to-write-an-effective-gym-mission-statement.html]
[www.pushpress.com/blog/coaching-classes-six-fun-community-building-ideas.html]
[www.pushpress.com/blog/three-tips-hiring-crossfit-coaches.html]
[www.pushpress.com/blog/gym-growth-blueprint-series-part-6-listening-to-member-feedback.html]
[www.pushpress.com/blog/how-an-arkansas-pushpress-gym-grew-to-300-members-in-first-year.html]
[www.pushpress.com/blog/gym-growth-blueprint-series-part-5-insights-for-sustainable-growth.html]
[www.pushpress.com/blog/the-progrm-hryox-programming-now-available-on-pushpress-train.html]
[www.pushpress.com/blog/spring-training-mayhem-gym-programming.html]
[www.pushpress.com/blog/spring-training-ncfit-gym-programming.html]
[www.pushpress.com/blog/consider-outsourcing-gym-programming-prvn-fitness.html]
[www.pushpress.com/blog/make-money-hosting-gym-competition.html]
[www.pushpress.com/blog/meet-three-gyms-that-are-skyrocketing-gym-revenue-with-retail-sales.html]
[www.pushpress.com/blog/gym-owner-checklist-increase-gym-revenue.html]
[www.pushpress.com/blog/increasing-gym-membership-prices.html]
[www.pushpress.com/blog/increase-gym-revenue-selling-personal-training-nutrition-coaching.html]
[www.pushpress.com/blog/gym-startup-guide-negotiating-gym-lease.html]
[www.pushpress.com/blog/five-new-gym-partnerships-to-form-this-fall.html]
[www.pushpress.com/blog/stronger-together-new-gym-partnerships-to-consider-this-fall.html]
[www.pushpress.com/blog/form-local-business-gym-partnership.html]
[www.pushpress.com/blog/gym-startup-guide-gym-partnership.html]
[www.pushpress.com/blog/starting-gym-dos-donts-membership-discounts.html]
[www.pushpress.com/blog/gym-startup-guide-tracking-important-gym-metrics.html]
[www.pushpress.com/blog/the-more-the-merrier-pushpress-hacks-for-the-ultimate-referral-program.html]
[www.pushpress.com/blog/keep-it-simple-five-essential-tips-for-successful-digital-gym-marketing.html]
[www.pushpress.com/blog/gym-owners-guide-to-rockin-the-customer-journey-part-i-awareness.html]
[www.pushpress.com/blog/how-rare-breed-crossfit-built-an-inclusive-gym-with-pushpress.html]
[www.pushpress.com/blog/how-pushpress-impressed-an-18-year-fitness-industry-veteran.html]
[www.pushpress.com/blog/high-ticket-gym-sales.html]
[www.pushpress.com/blog/its-just-storytelling-generate-more-leads-with-your-gym-social-media.html]
[www.pushpress.com/blog/gym-growth-social-media-influencers.html]
[www.pushpress.com/blog/how-a-michigan-gym-uses-committed-club-to-increase-member-retention.html]
[www.pushpress.com/blog/gym-owners-guide-to-rockin-the-customer-journey-part-4-retention.html]
[www.pushpress.com/blog/understanding-member-retention-life-cycle.html]
[www.pushpress.com/start-a-gym/why-you-should-have-a-powerful-gym-website.html]
[www.pushpress.com/blog/trial-program.html]
[www.pushpress.com/taglist/member-retention-8047b.html]
[www.pushpress.com/taglist/automation.html]
[www.pushpress.com/podcast-v1/nick-reyes-chief-happiness-officer-of-pushpress.html]
[www.pushpress.com/feature-list/staff-app.html]
[www.pushpress.com/blog/march-2025-updates-core-dashboard.html]
[www.pushpress.com/blog2a7a.html]
[www.pushpress.com/starting-a-gym.html]
[www.pushpress.com/podcast/window.location.html]
[www.pushpress.com/events/window.location.html]
[www.pushpress.com/events/what-separates-7-figure-martial-arts-academies-from-the-rest.html]
[www.pushpress.com/partners/invictus.html]
[www.pushpress.com/partners/beyond-strength-endurance.html]
[www.pushpress.com/partners/parkcityfit.html]
[www.pushpress.com/partners/ncfit.html]
[www.pushpress.com/eventsda83.html]
[www.pushpress.com/features/staff-app-chat-for-gyms.html]
[www.pushpress.com/features/window.location.html]
[www.pushpress.com/blog/gym-member-check-ins.html]
[www.pushpress.com/blog/robert-schwartz-doubles-membership-pushpress-grow.html]
[www.pushpress.com/blog/how-pushpress-helped-dominion-mma-jump-from-20-to-nearly-400-members.html]
[www.pushpress.com/blog/how-pushpress-helped-bc-fit-survive-during-the-pandemic.html]
[www.pushpress.com/taglist/window.location.html]
[www.pushpress.com/blog/onboarding-new-gym-members.html]
[www.pushpress.com/blog/gym-owner-debate-onboarding-personal-training-versus-group.html]
[www.pushpress.com/taglist/gym-onboarding.html]
[www.pushpress.com/feature-list/window.location.html]
[www.pushpress.com/blog/increase-revenue-high-ticket-gym-services.html]
[www.pushpress.com/landing/martial-arts-software.html]
[www.pushpress.com/landing/jiu-jitsu-management-software.html]
[www.pushpress.com/blog/switching-from-zen-planner-to-pushpress.html]
[www.pushpress.com/legal/window.location.html]
[www.pushpress.com/legal/gdpr.html]
[www.pushpress.com/offer/GET.html]
[www.pushpress.com/offer/button.href, window.location.html]
[www.pushpress.com/products/GET.html]
[www.pushpress.com/products/button.href, window.location.html]
[www.pushpress.com/blog/increase-gym-revenue-six-merchandise-ideas.html]
[www.pushpress.com/blog/driving-client-happiness-using-the-crossfit-open.html]
[www.pushpress.com/gym-story.html]
[www.pushpress.com/landing/GET.html]
[www.pushpress.com/landing/button.href, window.location.html]
[www.pushpress.com/fitness-business-software/GET.html]
[www.pushpress.com/fitness-business-software/button.href, window.location.html]
[www.pushpress.com/book-train.html]
[www.pushpress.com/products/pushpress-websites.html]
[www.pushpress.com/fitness-software.html]
[www.pushpress.com/workout-timer.html]
[www.pushpress.com/swipe/home.html]
[www.pushpress.com/book-ba.html]
[www.pushpress.com/member-app-faq.html]
[www.pushpress.com/blog/hitting-revenue-prs-pushpress-gym-growth.html]
[www.pushpress.com/blog/gym-buyer-personas.html]
[www.pushpress.com/blog/gym-member-referral-program.html]
[www.pushpress.com/category/member-feedback.html]
[www.pushpress.com/blog/build-gym-community.html]
[www.pushpress.com/taglist/gym-growth-26789.html]
[www.pushpress.com/blog/increase-gym-member-retention-crossfit-open.html]
[www.pushpress.com/taglist/habit-tracking.html]
[www.pushpress.com/blog/how-a-missouri-owner-manages-his-gym-and-a-non-profit-with-pushpress.html]
[www.pushpress.com/blog/successful-member-conversion.html]
[www.pushpress.com/taglist/ncfit.html]
[www.pushpress.com/category/lead-nurture.html]
[www.pushpress.com/taglist/halloween-44965.html]
[www.pushpress.com/blog/how-much-does-it-cost-to-start-a-fitness-or-gym-business.html]
[www.pushpress.com/blog/pushpress-introduces-flex-fees.html]
[www.pushpress.com/taglist/sell-gym-memberships-8.html]
[www.pushpress.com/taglist/gym-owner-e.html]
[www.pushpress.com/blog/help-first-drives-gym-revenue.html]
[www.pushpress.com/taglist/membership-pricing-dbaf6.html]
[www.pushpress.com/blog/setting-gym-membership-pricing.html]
[www.pushpress.com/blog/gym-unique-selling-proposition.html]
[www.pushpress.com/blog/lasso-series-1-crafting-offers.html]
[www.pushpress.com/_https_/cdn.prod.website-files.com/60359921321f8d62cd691da7/69a2044a25bd575ea5f94045_Untitled design (17.html]
[www.pushpress.com/_https_/cdn.prod.website-files.com/60359921321f8d62cd691da7/697b83ac9b5ee047d9f3c6c0_Blog Hero Images.html]
[www.pushpress.com/_https_/cdn.prod.website-files.com/60359921321f8d62cd691da7/697390ab00131acb66f61c0a_Blog Hero Images.html]
[www.pushpress.com/_https_/cdn.prod.website-files.com/60359921321f8d62cd691da7/697256f51f75328ca2b82a29_Blog Hero Images.html]
[www.pushpress.com/blog/gymmaster-alternatives-the-smarter-switch-for-gym-owners-who-want-simpler-billing.html]
[www.pushpress.com/_https_/cdn.prod.website-files.com/60359921321f8d62cd691da7/69712ec755f72329a4851bea_Blog Hero Images.html]
[www.pushpress.com/blog/what-is-a-winter-arc.html]
[www.pushpress.com/_https_/cdn.prod.website-files.com/60359921321f8d62cd691da7/69694a4c24f26814d33feee2_Blog Hero Images.html]
[www.pushpress.com/_https_/cdn.prod.website-files.com/60359921321f8d62cd691da7/695d5ccf2bb840c96d73c094_Blog Hero Images.html]
[www.pushpress.com/_https_/cdn.prod.website-files.com/60359921321f8d62cd691da7/6945a4cf92f9e61d084456c3_Blog Hero Image [Gifts for Gym Lovers].html]
[www.pushpress.com/_https_/cdn.prod.website-files.com/60359921321f8d62cd691da7/694441578435a94e04bc4a1a_12.19_BlogCover_PushPressWrapped.html]
[www.pushpress.com/_https_/cdn.prod.website-files.com/60359921321f8d62cd691da7/6941cfe22e5c6e1248292542_12.18_BlogCover_2025Product.html]
[www.pushpress.com/blog/introducing-year-in-review.html]
[www.pushpress.com/_https_/cdn.prod.website-files.com/60359921321f8d62cd691da7/6943242e150bc5146f3891d0_12.17_BlogCover_YiRMembersApp.html]
[www.pushpress.com/_https_/cdn.prod.website-files.com/60359921321f8d62cd691da7/69333165172be9fb85249cea_Minimal Photocentric Productivity Blog Banner.html]
[www.pushpress.com/blog/capture-more-revenue-at-your-gym-without-slowing-down.html]
[www.pushpress.com/_https_/cdn.prod.website-files.com/60359921321f8d62cd691da7/6925e5aca5eb708658e97b2e_image (16.html]
[www.pushpress.com/_https_/cdn.prod.website-files.com/60359921321f8d62cd691da7/68ffaf42975d4f7bb5b9c4f5_20251024-DSC07789.html]
[www.pushpress.com/blog/productpush-june-2025.html]
[www.pushpress.com/_https_/cdn.prod.website-files.com/60359921321f8d62cd691da7/6863fd01edefae279ee416d8_productpush-blog-3_d1e43ba9baced203eba367f68ab2ca27_2000.html]
[www.pushpress.com/blog/building-bulletproof-systems-for-gym-efficiency.html]
[www.pushpress.com/_https_/cdn.prod.website-files.com/60359921321f8d62cd691da7/685c03a47f76ede3a1616f69_pushpress2020photos-6_9e04bf8daed2ca6f7e13a13292eef95f_2000.html]
[www.pushpress.com/blog/why-customers-remember-the-peaks-and-the-ends-of-their-experiences.html]
[www.pushpress.com/_https_/cdn.prod.website-files.com/60359921321f8d62cd691da7/6852c86bc40df40dcfd6721e_0q5a7131_4e4ec2ec93e1f6e07a57511382a7cacd_2000.html]
[www.pushpress.com/blog/productpush-may-2025.html]
[www.pushpress.com/_https_/cdn.prod.website-files.com/60359921321f8d62cd691da7/684a124f57ff126ad6a7e912_ProductPush-Blog (2.html]
[www.pushpress.com/blog/how-to-create-gym-content-that-dominates-ai-seo.html]
[www.pushpress.com/_https_/cdn.prod.website-files.com/60359921321f8d62cd691da7/66fea38034597df0a20b9a2c_ach-payments-versus-credit-cards_191d324f452e22697ce39461c753539d_2000.html]
[www.pushpress.com/blog/how-gym-owners-can-prepare-for-a-consultation.html]
[www.pushpress.com/_https_/cdn.prod.website-files.com/60359921321f8d62cd691da7/683894cc938d60a137105a96_pushpress2020photos-29_acb06698dd82e2ed1e267816ebc44ccd_2000.html]
[www.pushpress.com/_https_/cdn.prod.website-files.com/60359921321f8d62cd691da7/68655c88324fbd9f934f90b3_Jason Fernandez BHOTD.html]
[www.pushpress.com/podcast/what-does-working-on-your-business-really-look-like.html]
[www.pushpress.com/podcast/5-psychological-hacks-to-be-a-better-coach.html]
[www.pushpress.com/podcast/how-to-market-your-gym-in-2025.html]
[www.pushpress.com/podcast/frameworks-for-multitasking.html]
[www.pushpress.com/podcast/be-a-story-collector.html]
[www.pushpress.com/podcast/how-to-start-smart-in-gym-ownership.html]
[www.pushpress.com/podcast/reduce-churn-jiu-jitsu-academies.html]
[www.pushpress.com/podcast/stop-chasing-revenue-streams.html]
[www.pushpress.com/podcast/why-clients-really-join-your-gym.html]
[www.pushpress.com/podcast/why-data-is-not-the-holy-grail.html]
[www.pushpress.com/podcast/the-5-most-important-metrics-for-gym-owners.html]
[www.pushpress.com/podcast/if-we-ran-crossfit.html]
[www.pushpress.com/podcast/why-grandfathered-rates-are-hurting-your-gym.html]
[www.pushpress.com/podcast/5-lessons-we-learned-from-life-time-fitness.html]
[www.pushpress.com/podcast/why-everyone-needs-a-business-coach.html]
[www.pushpress.com/podcast/onboarding-is-your-gyms-1-issue.html]
[www.pushpress.com/podcast/ozempic-vs-gyms.html]
[www.pushpress.com/podcast/your-unprofessionalism-is-killing-you-and-your-gym.html]
[www.pushpress.com/podcast/7-meta-skills-every-gym-owner-needs.html]
[www.pushpress.com/podcast/high-performing-teams-embrace-fitness-why-a-fitness-focused-culture-is-essential.html]
[www.pushpress.com/podcastedc2.html]
[www.pushpress.com/events/canadian-crossfit-affiliate-summit-quebec.html]
[www.pushpress.com/events/retention-systems-for-2026-with-mark-fisher.html]
[www.pushpress.com/events/kansas-city-winter-warm-up.html]
[www.pushpress.com/events/miami-winter-warm-up.html]
[www.pushpress.com/events/smart-gym-smarter-growth-ai-for-fitness-leaders.html]
[www.pushpress.com/events/how-gym-owners-are-actually-using-ai-today.html]
[www.pushpress.com/events/3-pushpress-features-to-cut-churn-in-2026.html]
[www.pushpress.com/events/webinar-grassroots-gym-marketing.html]
[www.pushpress.com/events/gym-tax-season-2026-webinar.html]
[www.pushpress.com/events/speed-lab-summit.html]
[www.pushpress.com/events/webinar-overcoming-the-fear-of-sales-for-owners-staff.html]
[www.pushpress.com/events/bhotd-affiliate-tour-dc.html]
[www.pushpress.com/events/business-for-unicorns-summit.html]
[www.pushpress.com/events/coaches-congress-australia.html]
[www.pushpress.com/events/affiliatecon.html]
[www.pushpress.com/events/bhotd-affiliate-tour-denver.html]
[www.pushpress.com/events/world-ibjjf-no-gi-championships-2025.html]
[www.pushpress.com/events/fitxpo-la-2026.html]
[www.pushpress.com/events/how-to-host-your-best-crossfit-open-2026.html]
[www.pushpress.com/events/tfx-championship-2026.html]
[www.pushpress.com/events/gym-accelerator-summit-2026-frisco-tx.html]
[www.pushpress.com/partners/GET.html]
[www.pushpress.com/partners/button.href, window.location.html]
[www.pushpress.com/partners/the-daily-fix-by-metfix.html]
[www.pushpress.com/partners/misfit.html]
[www.pushpress.com/partners/theprogrm.html]
[www.pushpress.com/partners/tttaffiliate.html]
[www.pushpress.com/partners/comptrain.html]
[www.pushpress.com/pricing-v1.html]
[www.pushpress.com/goodstuff.html]
[www.pushpress.com/the-gymos-podcast.html]
[www.pushpress.com/signup.html]
[www.pushpress.com/features/flex-fees-transaction-management.html]
[www.pushpress.com/features/hybrid-plans.html]
[www.pushpress.com/features/membership-management-plan-switch.html]
[www.pushpress.com/features/24-7-gym-access.html]
[www.pushpress.com/features/priority-booking.html]
[www.pushpress.com/features/payment-collection-pages.html]
[www.pushpress.com/features/plan-purchase-limits.html]
[www.pushpress.com/features/guided-plan-creation-gym-memberships.html]
[www.pushpress.com/features/prorated-billing-plans.html]
[www.pushpress.com/features/membership-pricing-tiers.html]
[www.pushpress.com/features/tap-to-pay-gym-payments.html]
[www.pushpress.com/book-grow.html]
[www.pushpress.com/blog/how-a-virginia-gym-used-pushpress-to-completely-refine-operations.html]
[www.pushpress.com/products/grow/gymhappy.html]
[www.pushpress.com/blog/GET.html]
[www.pushpress.com/blog/button.href, window.location.html]
[www.pushpress.com/blog/a-legendary-comeback-how-to-re-engage-former-gym-members.html]
[www.pushpress.com/features/sell-plans-staff-app.html]
[www.pushpress.com/taglist/lead-generation-1fd6e.html]
[www.pushpress.com/blog/_https_/cdn.prod.website-files.com/60359921321f8d62cd691da7/67a37cfd8fc62034984d1162_liz childers.html]
[www.pushpress.com/blog/_https_/cdn.prod.website-files.com/60359921321f8d62cd691da7/69a2044a25bd575ea5f94045_Untitled design (17.html]
[www.pushpress.com/blog/the-top-ten-ways-to-improve-seo-for-your-gym.html]
[www.pushpress.com/blog/_https_/cdn.prod.website-files.com/60359921321f8d62cd691da7/636a6f0d71605db0e0f71f2f_BuildyourgymwithaCRM_06a28a0685f9d276929c32b882a8135d_2000.html]
[www.pushpress.com/category/operations.html]
[www.pushpress.com/taglist/legal-0.html]
[www.pushpress.com/taglist/gym-safety.html]
[www.pushpress.com/taglist/operations-0.html]
[www.pushpress.com/taglist/liability-1.html]
[www.pushpress.com/blog/_https_/cdn.prod.website-files.com/60359921321f8d62cd691da7/62557c68e42319a1a3bb2772_emily beers.html]
[www.pushpress.com/blog/_https_/cdn.prod.website-files.com/60359921321f8d62cd691da7/673f4b258a434e9cb224652c_pushpress2020photos-9_74c7737f3e604c55ecf23df19a89378c_2000.html]
[www.pushpress.com/blog/gym-growth-blueprint-series-part-7-ach-payments-versus-credit-cards.html]
[www.pushpress.com/blog/_https_/cdn.prod.website-files.com/60359921321f8d62cd691da7/66fea38034597df0a20b9a2c_ach-payments-versus-credit-cards_191d324f452e22697ce39461c753539d_2000.html]
[www.pushpress.com/blog/pushpress-is-expanding-into-martial-arts-and-combat-sports.html]
[www.pushpress.com/blog/creating-ultimate-gym-member-experience.html]
[www.pushpress.com/blog/member-retention.html]
[www.pushpress.com/blog/pushpress-improves-member-retention.html]
[www.pushpress.com/taglist/member-experience-16d36.html]
[www.pushpress.com/taglist/gym-owner-193de.html]
[www.pushpress.com/taglist/zen-planner-91c62.html]
[www.pushpress.com/taglist/wodify-9e02d.html]
[www.pushpress.com/taglist/glofox.html]
[www.pushpress.com/blog/_https_/cdn.prod.website-files.com/60359921321f8d62cd691da7/692f29271b8912224b271e91_Screenshot 2025-11-13 at 10.28.12 AM.html]
[www.pushpress.com/blog/_https_/cdn.prod.website-files.com/60359921321f8d62cd691da7/697b83ac9b5ee047d9f3c6c0_Blog Hero Images.html]
[www.pushpress.com/blog/_https_/cdn.prod.website-files.com/60359921321f8d62cd691da7/697390ab00131acb66f61c0a_Blog Hero Images.html]
[www.pushpress.com/category/marketing.html]
[www.pushpress.com/blog/what-is-gym-management-software.html]
[www.pushpress.com/blog/_https_/cdn.prod.website-files.com/60359921321f8d62cd691da7/65273721d98474a61d908f8f_366294949_10159700371552741_1987998850107744_n.html]
[www.pushpress.com/blog/_https_/cdn.prod.website-files.com/60359921321f8d62cd691da7/677fdbb5c58e30595853be33_pushpress2020photos-21_868504d478969cdb848b255d7a0fd1eb_2000.html]
[www.pushpress.com/blog/_https_/cdn.prod.website-files.com/60359921321f8d62cd691da7/6514359e7354f23f6d7994c0_create-a-gym-marketing-funnel_a708437cf7974515ccf2257c81786a9e_2000.html]
[www.pushpress.com/category/member-experience.html]
[www.pushpress.com/blog/harness-the-power-of-priority-booking-in-your-gym.html]
[www.pushpress.com/blog/_https_/cdn.prod.website-files.com/60359921321f8d62cd691da7/67d44af518822497e0381710_0q5a0431_0a772dde808a6a00c88ff7068d00d0be_2000.html]
[www.pushpress.com/blog/the-power-of-a-new-gym-members-first-day.html]
[www.pushpress.com/blog/_https_/cdn.prod.website-files.com/60359921321f8d62cd691da7/677d5411e863627536880610_a7s04601_fa5cfdfd8f9326c3b30c73ec9e2e980f_2000.html]
[www.pushpress.com/category/GET.html]
[www.pushpress.com/category/button.href, window.location.html]
[www.pushpress.com/category/_https_/cdn.prod.website-files.com/60359921321f8d62cd691da7/6945a4cf92f9e61d084456c3_Blog Hero Image [Gifts for Gym Lovers].html]
[www.pushpress.com/category/_https_/cdn.prod.website-files.com/60359921321f8d62cd691da7/68ffaf42975d4f7bb5b9c4f5_20251024-DSC07789.html]
[www.pushpress.com/in-the-trenches-podcast.html]
[www.pushpress.com/gsg-old.html]
[www.pushpress.com/category/_https_/cdn.prod.website-files.com/60359921321f8d62cd691da7/685c03a47f76ede3a1616f69_pushpress2020photos-6_9e04bf8daed2ca6f7e13a13292eef95f_2000.html]
[www.pushpress.com/category/_https_/cdn.prod.website-files.com/60359921321f8d62cd691da7/6852c86bc40df40dcfd6721e_0q5a7131_4e4ec2ec93e1f6e07a57511382a7cacd_2000.html]
[www.pushpress.com/category/_https_/cdn.prod.website-files.com/60359921321f8d62cd691da7/66fea38034597df0a20b9a2c_ach-payments-versus-credit-cards_191d324f452e22697ce39461c753539d_2000.html]
[www.pushpress.com/category/_https_/cdn.prod.website-files.com/60359921321f8d62cd691da7/683894cc938d60a137105a96_pushpress2020photos-29_acb06698dd82e2ed1e267816ebc44ccd_2000.html]
[www.pushpress.com/category/_https_/cdn.prod.website-files.com/60359921321f8d62cd691da7/64c91002a922f45d4770e8d2_cft-fitness-tracy-ca_9fe7bdfd2330f0816ef2dc0182021da9_2000.html]
[www.pushpress.com/category/_https_/cdn.prod.website-files.com/60359921321f8d62cd691da7/68191baca27cb31793ce3481_image-5_7835130f723fa7bc63fe335c2129d3a1_2000.html]
[www.pushpress.com/category/_https_/cdn.prod.website-files.com/60359921321f8d62cd691da7/6966b90d677de118174dc92a_Blog Hero Images.html]
[www.pushpress.com/category/_https_/cdn.prod.website-files.com/60359921321f8d62cd691da7/67eea4200cda80be8471b06e_pushpress2020photos-18_6153348e776c2b14fd70c356ec67aa41_2000.html]
[www.pushpress.com/blog/how-pushpress-accelerated-streamlined-on-track-wellness-success.html]
[www.pushpress.com/category/_https_/cdn.prod.website-files.com/60359921321f8d62cd691da7/67bdf3ef40d0f307478c9971_dd7bd2b7-a759-4281-b019-e8aa9d7abeberemotebf85b727620408a6899c5272b144d07e6a3101e3-4-origi]
[www.pushpress.com/category/_https_/cdn.prod.website-files.com/60359921321f8d62cd691da7/6941cfe22e5c6e1248292542_12.18_BlogCover_2025Product.html]
[www.pushpress.com/category/_https_/cdn.prod.website-files.com/60359921321f8d62cd691da7/684a124f57ff126ad6a7e912_ProductPush-Blog (2.html]
[www.pushpress.com/category/_https_/cdn.prod.website-files.com/60359921321f8d62cd691da7/681a13cb0719344c88fcc1fa_productpush-blog-1_f57c505a58be7bd19260792494fc8519_2000.html]
[www.pushpress.com/blog/productpush-march-2025.html]
[www.pushpress.com/category/_https_/cdn.prod.website-files.com/60359921321f8d62cd691da7/67eea4f557348ca08e1aa8ee_march-25-productpush_abc7fc9a1cd8ca4749913f2bc257307d_2000.html]
[www.pushpress.com/blog/productpush-february-2025.html]
[www.pushpress.com/category/_https_/cdn.prod.website-files.com/60359921321f8d62cd691da7/67c744b5272584bf8612983d_february-25-productpush_b5662aa941f89813a0db8140bf8e5cde_2000.html]
[www.pushpress.com/blog/product-updates-january-2025.html]
[www.pushpress.com/category/_https_/cdn.prod.website-files.com/60359921321f8d62cd691da7/67c74498bc0bf67281f7b76c_january-25-productpush_c3f8b8aad6005ed716fc611c187d6a4f_2000.html]
[www.pushpress.com/blog/gym-onboarding-series-part-1-why-having-a-plan-matters.html]
[www.pushpress.com/category/_https_/cdn.prod.website-files.com/60359921321f8d62cd691da7/672b84958d6ee5a92962ebd5_gym-onboarding-process_c4bc449ffca1034a9f13dcce21dfc443_2000.html]
[www.pushpress.com/category/_https_/cdn.prod.website-files.com/60359921321f8d62cd691da7/697390ab00131acb66f61c0a_Blog Hero Images.html]
[www.pushpress.com/blog/looking-for-the-best-gym-website-examples-pushpress-can-help.html]
[www.pushpress.com/category/_https_/cdn.prod.website-files.com/60359921321f8d62cd691da7/66c5f3000476efee47f2e9ae_prvn-in-nashville-tn_945536ebd584bc9f2058ead1e9559d14_2000.html]
[www.pushpress.com/blog/the-ultimate-guide-to-increasing-gym-revenue-with-retail-sales.html]
[www.pushpress.com/category/_https_/cdn.prod.website-files.com/60359921321f8d62cd691da7/6661c100ce3ec84d20d7a185_ultimate-guide-to-gym-retail-sales_925ffb0b307d14b2b573b66ae84a67ee_2000.html]
[www.pushpress.com/blog/how-a-chicago-gym-owner-is-changing-the-retail-sales-game.html]
[www.pushpress.com/category/_https_/cdn.prod.website-files.com/60359921321f8d62cd691da7/664f4c00a5cf45607dae5e0b_alex-witt-owner-of-battle-bars_e55b0ef450f44c1cb7245230efabd0ff_2000.html]
[www.pushpress.com/blog/pushpress-insurance.html]
[www.pushpress.com/category/_https_/cdn.prod.website-files.com/60359921321f8d62cd691da7/63764c8b5680b201970c2981_PushPressFoundersworkonupdates_36781a032ce5f4747ee55bea9e7c8154_2000.html]
[www.pushpress.com/category/_https_/cdn.prod.website-files.com/60359921321f8d62cd691da7/65a7eb9280ac4527101c8f23_crossfit-classes-at-saddle-up-crossfit_e2cd6c3aa688850bcf45664bf0a15b88_2000.html]
[www.pushpress.com/blog/digital-marketing-101-the-dos-and-donts-of-paid-gym-ads.html]
[www.pushpress.com/category/_https_/cdn.prod.website-files.com/60359921321f8d62cd691da7/655e17b40a8190b460bb54d1_automating-gym-social-media-posts_a07aa86e8c53d2c94ba4503fcaee8e94_2000.html]
[www.pushpress.com/blog/turning-fitness-hobby-into-opening-a-gym.html]
[www.pushpress.com/category/_https_/cdn.prod.website-files.com/60359921321f8d62cd691da7/65f05fff5417819b0aa3d3f6_opening-a-gym-346-crossfit_57f4b0b1fda28e7e094794caa5dc481b_2000.html]
[www.pushpress.com/blog/senior-fitness-programs-unique-opportunity-increase-gym-revenue.html]
[www.pushpress.com/category/_https_/cdn.prod.website-files.com/60359921321f8d62cd691da7/65df4ab57fddef96479e9852_increase-gym-revenue-with-senior-fitness_74846c8a104448495785fdbdc7968660_2000.html]
[www.pushpress.com/category/_https_/cdn.prod.website-files.com/60359921321f8d62cd691da7/66bcbf8529dd1fdb7e3fe960_ultimate-member-experience_e017b40d4b62b46f190809a8619714e1_2000.html]
[www.pushpress.com/category/_https_/cdn.prod.website-files.com/60359921321f8d62cd691da7/65ddf937b087bdcb23c43308_DevelopmentPathwayfortheCrossFitTrainer_3ea1fe9a886ebb19adf35e20328240c8_2000.html]
[www.pushpress.com/blog/unforgettable-crossfit-open-michele-letendre.html]
[www.pushpress.com/category/_https_/cdn.prod.website-files.com/60359921321f8d62cd691da7/65d761951e18d95aeeffb181_michele-letendre-patrick-vellner_c06bd891dd3d791811fdbba22b1ae42a_2000.html]
[www.pushpress.com/category/_https_/cdn.prod.website-files.com/60359921321f8d62cd691da7/65d60c804a059a068cf1daaf_ExcessiveLoudNoise_c79e1136594fc9fa0a4ca256b8ed53f8_2000.html]
[www.pushpress.com/blog/pushpress-solutions-running-intramural-crossfit-open.html]
[www.pushpress.com/category/_https_/cdn.prod.website-files.com/60359921321f8d62cd691da7/65ccd5a0aa312872da7e0d0e_startingaCrossFitaffiliategym_dae84e51ef6c2e32c3a40eec435c3ee7_2000.html]
[www.pushpress.com/blog/five-tips-generate-new-leads-crossfit-open.html]
[www.pushpress.com/category/_https_/cdn.prod.website-files.com/60359921321f8d62cd691da7/65cb840f6c869a03071fea4b_the-crossfit-open_9157fb15bd048d0cd14749385b1c6955_2000.html]
[www.pushpress.com/blog/fun-intramural-crossfit-open.html]
[www.pushpress.com/category/_https_/cdn.prod.website-files.com/60359921321f8d62cd691da7/65c2498fd9f87dc3fe814ad0_Takecareoflong-termgymmembers_8fae1838203aefb9fac59df95019ad8e_2000.html]
[www.pushpress.com/category/_https_/cdn.prod.website-files.com/60359921321f8d62cd691da7/65ba6091b4751b102262342c_owning-a-gym-business_26b9e9dd317be66046e52694bf3c2a4e_2000.html]
[www.pushpress.com/blog/finding-gym-space-real-estate-investing.html]
[www.pushpress.com/category/_https_/cdn.prod.website-files.com/60359921321f8d62cd691da7/65b27792711bf692b4acb325_crossfit-london-gym-community_95e92a42a0637ba16048c09aaa02e8b1_2000.html]
[www.pushpress.com/blog/finding-gym-space-building-gym.html]
[www.pushpress.com/category/_https_/cdn.prod.website-files.com/60359921321f8d62cd691da7/65b1260e3a60f78b27eb8aa1_ribbon-cutting-after-building-a-gym_b75f05f05fbacf8037890d78f2378c62_2000.html]
[www.pushpress.com/category/_https_/cdn.prod.website-files.com/60359921321f8d62cd691da7/645a520e43989a43dd42be87_use-social-planner-to-automate-and-schedule-social-media-posts_c43e0f9fdc69ae404d1c105a35c]
[www.pushpress.com/blog/nextgen-strength-building-healthy-habits-with-a-youth-fitness-program.html]
[www.pushpress.com/category/_https_/cdn.prod.website-files.com/60359921321f8d62cd691da7/658c3c0c88503bf96dda6b17_youth-fitness-program_c544f50bb489d05301428511f5524fa9_2000.html]
[www.pushpress.com/category/_https_/cdn.prod.website-files.com/60359921321f8d62cd691da7/64aecac430a87ed7e7be8417_gym-membership-includes-community-and-accountability_cbccaa24b1d4751e0764c3aaacc93f5a_2000]
[www.pushpress.com/category/_https_/cdn.prod.website-files.com/60359921321f8d62cd691da7/6581b014ced1d5afcdd71b2c_creating-healthy-habits-for-coaches_7b960ceeee15f312a3279ebd9bf6f3ee_2000.html]
[www.pushpress.com/blog/creating-healthy-habits-part-3-four-steps-to-help-your-gym-community.html]
[www.pushpress.com/category/_https_/cdn.prod.website-files.com/60359921321f8d62cd691da7/6579ce4f72bce1d6dd244f9c_swift-river-crossfit-community_64e29271f56cdce8b8b45aa8093af65b_2000.html]
[www.pushpress.com/blog/creating-healthy-habits-part-2-four-ways-to-help-your-coaches.html]
[www.pushpress.com/category/_https_/cdn.prod.website-files.com/60359921321f8d62cd691da7/63dbd00f1cc1e3d02f85b1aa_andingEveryLeveloftheCrossFitTrainerCertificationCourseandHowtoPrepareYourTrainers_60b48a9]
[www.pushpress.com/blog/creating-healthy-habits-part-1-leading-from-the-front-as-a-gym-owner.html]
[www.pushpress.com/category/_https_/cdn.prod.website-files.com/60359921321f8d62cd691da7/656f3b0df05efa0de4ef2771_discuss-important-topics-with-members-in-a-town-hall-setting_d3cf902c493cf04d36906df4e47e6]
[www.pushpress.com/category/_https_/cdn.prod.website-files.com/60359921321f8d62cd691da7/69a2044a25bd575ea5f94045_Untitled design (17.html]
[www.pushpress.com/category/_https_/cdn.prod.website-files.com/60359921321f8d62cd691da7/636a6f0d71605db0e0f71f2f_BuildyourgymwithaCRM_06a28a0685f9d276929c32b882a8135d_2000.html]
[www.pushpress.com/category/_https_/cdn.prod.website-files.com/60359921321f8d62cd691da7/66fc00a637048fdf64309108_ks-athletic-club-gym-halloween_ffcfef09cdfe7fb69ffa26e3856216e4_2000.html]
[www.pushpress.com/blog/youth-fitness-program-brand-x-method-pushpress-train.html]
[www.pushpress.com/category/_https_/cdn.prod.website-files.com/60359921321f8d62cd691da7/649aebae65cbb210cfe4fc60_the-brand-x-method-helps-develop-strong-mental-health-in-kids_53c5a27e78afbd35805678cc9d06]
[www.pushpress.com/blog/got-drop-ins-streamline-with-pushpress-to-wow-your-visitors.html]
[www.pushpress.com/category/_https_/cdn.prod.website-files.com/60359921321f8d62cd691da7/6509a9a9f4cfee315d9651d0_welcoming-drop-ins-at-your-crossfit-gym_971b9d6a9ff75e2634d72bcb2e15813d_2000.html]
[www.pushpress.com/blog/four-tips-to-order-and-manage-your-gym-equipment-like-a-boss.html]
[www.pushpress.com/category/_https_/cdn.prod.website-files.com/60359921321f8d62cd691da7/65046386f0107e239dbe993a_rep-fitness-equipment_ccde507ca11cb37556bbbf514028b57c_2000.html]
[www.pushpress.com/blog/finding-gym-space-part-i-the-dos-and-donts-of-negotiating-your-lease.html]
[www.pushpress.com/category/_https_/cdn.prod.website-files.com/60359921321f8d62cd691da7/63c95b15af9fa122ad445885_LocationforRental_bb576390839be01c03bc950092fbefd2_2000.html]
[www.pushpress.com/blog/ten-profit-hacks-to-increase-gym-revenue-when-starting-a-gym.html]
[www.pushpress.com/category/_https_/cdn.prod.website-files.com/60359921321f8d62cd691da7/6477532a04c214920dbb5cc1_learn-to-prioritize-your-gym-task-list-to-save-time_a52d9aafc378e8d1e4e7f0f4fea834e2_2000]
[www.pushpress.com/blog/profitable-intramural-crossfit-open.html]
[www.pushpress.com/category/_https_/cdn.prod.website-files.com/60359921321f8d62cd691da7/65bbb210607736c95ed512c2_CrossFitgym_287b4dfc9ee3c3f34424f8d387696b28_2000.html]
[www.pushpress.com/blog/five-fast-track-tips-for-successfully-starting-a-crossfit-gym-1sST2hexEligID.html]
[www.pushpress.com/category/_https_/cdn.prod.website-files.com/60359921321f8d62cd691da7/65007e52d637de887d7b2911_gymlighting_b4155af0fc41d46e346e71ccdde5e703_2000.html]
[www.pushpress.com/blog/the-pushpress-amped-model-part-5-delight-your-customers.html]
[www.pushpress.com/category/_https_/cdn.prod.website-files.com/60359921321f8d62cd691da7/6566008902e99739b3bc27b3_pushstart-by-pushpress-amped-delight_ed23055c8c52814db9fecd9554b8ae73_2000.html]
[www.pushpress.com/category/_https_/cdn.prod.website-files.com/60359921321f8d62cd691da7/655cc607c43c2fe8bb5c5ac1_expand-courses-in-pushstart-by-pushpress_4413e12332cc8781503cd643ad68e8a5_2000.html]
[www.pushpress.com/blog/the-pushpress-amped-model-part-3-plug-in-your-fitness-business.html]
[www.pushpress.com/category/_https_/cdn.prod.website-files.com/60359921321f8d62cd691da7/65538b91c74199ebbbf62f06_pushstart-by-pushpress-plug-in_893085911ba73e7c41b2ec4a5074ca32_2000.html]
[www.pushpress.com/blog/the-pushpress-amped-model-part-2-monetize-your-fitness-business.html]
[www.pushpress.com/category/_https_/cdn.prod.website-files.com/60359921321f8d62cd691da7/654a510f372283433e0cf756_pushstart-by-pushpress-monetize_8108c469cccacecae9ff51a3d391ac08_2000.html]
[www.pushpress.com/blog/the-pushpress-amped-model-part-1-attract-new-gym-members.html]
[www.pushpress.com/category/_https_/cdn.prod.website-files.com/60359921321f8d62cd691da7/654912f5e91bc5958904601b_pushstart-by-pushpress-attract_4fc02abc0a148ae1369e3c6719d2fd8f_2000.html]
[www.pushpress.com/category/_https_/cdn.prod.website-files.com/60359921321f8d62cd691da7/64ef4ba661ebe7d66c9b1ddf_be-professional-when-meeting-leads-for-appointments_22047a7c57aa4551ca891d660065cb53_2000]
[www.pushpress.com/blog/best-practices-to-update-your-group-class-schedule-for-the-fall-rush.html]
[www.pushpress.com/category/_https_/cdn.prod.website-files.com/60359921321f8d62cd691da7/66bf5b83a8dff2d2d0eec4c9_gym-member-check-ins-drive-retention-numbers_3efdd96702d3179035433cfbb57c29b8_2000.2c3.del]
[www.pushpress.com/blog/coach-connection-seven-ways-connect-crossfit-coaches.html]
[www.pushpress.com/category/_https_/cdn.prod.website-files.com/60359921321f8d62cd691da7/64b93e05db6079b682682384_have-fun-and-build-connection-with-crossfit-coaches_efb131db561aa14a8a4fd69ad73b003e_2000]
[www.pushpress.com/category/_https_/cdn.prod.website-files.com/60359921321f8d62cd691da7/63da7ebbbdb3284cb352244f_ImpactofStaffDevelopment_62ce5a962f11cdff795bfc9ba270ca0e_2000.html]
[www.pushpress.com/category/_https_/cdn.prod.website-files.com/60359921321f8d62cd691da7/642d7f07bf456804c601aa0c_RewardBehaviorandPerformance_1adaf5a738902f81d0935a89097e5116_2000.html]
[www.pushpress.com/category/_https_/cdn.prod.website-files.com/60359921321f8d62cd691da7/64a6c9068b2f045d27243773_pushpress-makes-financial-reports-easy_b81c44c2d1e632dc3ceca9af45916263_2000.html]
[www.pushpress.com/blog/help-members-get-out-of-their-comfort-zone-with-a-gym-challenge.html]
[www.pushpress.com/category/_https_/cdn.prod.website-files.com/60359921321f8d62cd691da7/64f09d26b87dd11df89bc357_Scalingpullupsworkout_37434809a892398cb11c4baf3f12ada7_2000.html]
[www.pushpress.com/category/_https_/cdn.prod.website-files.com/60359921321f8d62cd691da7/677fe10ab1ab4fb21cc396a3_fun-challenges-for-your-gym-community_d3403fd87933a3484c24970b36d1b3e9_2000.html]
[www.pushpress.com/blog/start-the-school-year-strong-with-a-youth-fitness-program-at-your-gym.html]
[www.pushpress.com/category/_https_/cdn.prod.website-files.com/60359921321f8d62cd691da7/64e4bf9650e0981c4f0c2508_youth-programming-for-strong-lives_2a972e4ed22d35cf158e16ced9e87111_2000.html]
[www.pushpress.com/category/_https_/cdn.prod.website-files.com/60359921321f8d62cd691da7/6491b13f926f2d07abd30495_webinar-032023-fb_d03020ccfbaccb5ec782e3130123d111_2000.html]
[www.pushpress.com/category/_https_/cdn.prod.website-files.com/60359921321f8d62cd691da7/697b83ac9b5ee047d9f3c6c0_Blog Hero Images.html]
[www.pushpress.com/category/_https_/cdn.prod.website-files.com/60359921321f8d62cd691da7/69712ec755f72329a4851bea_Blog Hero Images.html]
[www.pushpress.com/blog/how-your-gym-software-can-help-you-handle-the-fall-rush-like-a-boss.html]
[www.pushpress.com/category/_https_/cdn.prod.website-files.com/60359921321f8d62cd691da7/64bfdc9c3a39a31f219dce2d_pushpress-integrations-and-partnerships_93b21f73b9fff0e175616ac605e58075_2000.html]
[www.pushpress.com/category/_https_/cdn.prod.website-files.com/60359921321f8d62cd691da7/6495a5a97b31f2706345fe81_five-core-features-to-help-with-gym-management_9533be493989f74befdcf1152514f7a3_2000.2d9.d]
[www.pushpress.com/category/_https_/cdn.prod.website-files.com/60359921321f8d62cd691da7/6943242e150bc5146f3891d0_12.17_BlogCover_YiRMembersApp.html]
[www.pushpress.com/blog/mental-health-series-part-4-gym-community.html]
[www.pushpress.com/category/_https_/cdn.prod.website-files.com/60359921321f8d62cd691da7/649c3d1a4713ed2f05b96f02_building-strong-mental-health-in-your-gym-community_bf08c4a4432e511ae76e4e1fedcc0230_2000]
[www.pushpress.com/blog/building-strong-youth-mental-health-brand-x-method.html]
[www.pushpress.com/blog/mental-health-series-part-3-protecting-staff.html]
[www.pushpress.com/category/_https_/cdn.prod.website-files.com/60359921321f8d62cd691da7/6494542654fac980f3b44897_Gymownershipcanbeoverwhelming_9435ab2569c1508ee3cda89cc743345c_2000.html]
[www.pushpress.com/category/_https_/cdn.prod.website-files.com/60359921321f8d62cd691da7/6488768400f949fd708812ff_improving-mental-health-with-self-defense_3474ae69f72cd55dc1b6de75815a5f18_2000.2e1.delaye]
[www.pushpress.com/blog/mental-health-series-part-1-myths-truths.html]
[www.pushpress.com/category/_https_/cdn.prod.website-files.com/60359921321f8d62cd691da7/647deaa97568996934368360_dr-christine-malgliara-mental-health-professional_a887a5de9e465b4fe26c8c0c379b8e90_2000.2e]
[www.pushpress.com/blog/how-pushpress-free-helped-to-launch-a-unique-fitness-business.html]
[www.pushpress.com/category/_https_/cdn.prod.website-files.com/60359921321f8d62cd691da7/64e61115d0995c225e6dcf79_uniquely-abled-fitness-waterford-chapter_2b9f1128a30d186272df64ef5ff49ddf_2000.html]
[www.pushpress.com/blog/opening-gym-management-software-pushpress-free.html]
[www.pushpress.com/category/_https_/cdn.prod.website-files.com/60359921321f8d62cd691da7/646f86306b44c7b2c6bca57a_FitnessBusiness_31053ef30a14779649e143d2e18771a5_2000.html]
[www.pushpress.com/category/_https_/cdn.prod.website-files.com/60359921321f8d62cd691da7/6627bf021a8fce46dfe96a7d_ttt-on-pushpress-train_abba9e32b5fe307c6cc2bf56128a85ae_2000.html]
[www.pushpress.com/blog/comptrain-programming-available-pushpress-train.html]
[www.pushpress.com/category/_https_/cdn.prod.website-files.com/60359921321f8d62cd691da7/660c0f811a281c3fa3324f1c_ben-bergeron-and-cole-sager_3ce7b9155fafd533471880b85aba79bc_2000.html]
[www.pushpress.com/category/_https_/cdn.prod.website-files.com/60359921321f8d62cd691da7/65787d4031cce8b4cc12d5e2_pushpress-gyms-members-can-easily-book-appointments_3abbe85e7356eb8be7c627a588640ec2_2000]
[www.pushpress.com/category/_https_/cdn.prod.website-files.com/60359921321f8d62cd691da7/64662f9922e5fda4c2e2bd96_pushpress-train-allows-members-to-track-progress-and-performance-data_c02a95ba5dbaee51fd3a]
[www.pushpress.com/category/_https_/cdn.prod.website-files.com/60359921321f8d62cd691da7/6687fc7cff388b8715df22e2_thank-members-for-gym-referrals_2865c63c42e4733fee8ad33355073969_2000.html]
[www.pushpress.com/category/_https_/cdn.prod.website-files.com/60359921321f8d62cd691da7/65e88516c8c705c8f4cf9f9b_gym-membership-pricing-leads-to-growth_d4676c28299c32a0baa07262a64b3858_2000.html]
[www.pushpress.com/blog/running-non-profit-gym-crossfit-liminal.html]
[www.pushpress.com/category/_https_/cdn.prod.website-files.com/60359921321f8d62cd691da7/64492f86066169f59ff286af_running-a-non-profit-gym_7e63c5ab0d8619cd81d91e875439791b_2000.html]
[www.pushpress.com/category/_https_/cdn.prod.website-files.com/60359921321f8d62cd691da7/65391f92c6b30870596384e8_selling-a-gym_529c35f338f8e42b92bd9b8066236af6_2000.html]
[www.pushpress.com/blog/owning-a-gym-the-three-legal-documents-every-gym-needs.html]
[www.pushpress.com/category/_https_/cdn.prod.website-files.com/60359921321f8d62cd691da7/677fe3f5d77013507e1e51e2_legal-documents-in-owning-a-gym_5d952b3de52d5b26f0b1acaa10346f9c_2000.html]
[www.pushpress.com/blog/opening-a-gym-the-four-legal-steps-that-shouldnt-be-overlooked.html]
[www.pushpress.com/category/_https_/cdn.prod.website-files.com/60359921321f8d62cd691da7/6520130b82b124676b3b561e_legal-steps-to-opening-a-gym_fc947bf3ec671290fc685ae9bd157785_2000.html]
[www.pushpress.com/blog/protect-fitness-business-gym-owners-legal-tips.html]
[www.pushpress.com/category/_https_/cdn.prod.website-files.com/60359921321f8d62cd691da7/643ff404af73e6498c212747_legal-tips-for-gym-owners_3a6b2afdf689e9d4a13b19744bc91dce_2000.html]
[www.pushpress.com/blog/how-to-maximize-gym-member-check-ins-this-fall.html]
[www.pushpress.com/category/_https_/cdn.prod.website-files.com/60359921321f8d62cd691da7/6408adb08f45b06026ed31c9_Invitememberstogymevents_8ba3ee9a4481840e0ca393a384014410_2000.html]
[www.pushpress.com/blog/gym-member-check-ins-challenge-winner-2020fit.html]
[www.pushpress.com/category/_https_/cdn.prod.website-files.com/60359921321f8d62cd691da7/647f3c0f7d82b60c2843d7a9_2020fit-gym-community_38e2aa241ea49ca5d4670f4a5209a9c4_2000.html]
[www.pushpress.com/blog/selling-gym-memberships-lasso-tips-gym-owners.html]
[www.pushpress.com/category/_https_/cdn.prod.website-files.com/60359921321f8d62cd691da7/6399e508576b4b05d3bd3453_SalesPlaybook_3d2d39a43e065acad9d88c8a54d6d839_2000.html]
[www.pushpress.com/category/gym-owner3477.html]
[www.pushpress.com/category/_https_/cdn.prod.website-files.com/60359921321f8d62cd691da7/644fc5fc4197b8594c3fa818_creating-policies-keeps-gym-member-experience-consistent_f5de6cfbfc1a7220b288546dc4425e8f_]
[www.pushpress.com/blog/top-ten-gym-owners-skills.html]
[www.pushpress.com/blog/why-a-swot-analysis-is-important-for-every-stage-of-owning-a-gym.html]
[www.pushpress.com/category/_https_/cdn.prod.website-files.com/60359921321f8d62cd691da7/64f734a6f25ce0e4986a539b_important-gym-mangement-software-features_5fb4dc02158e00afc1e20f7eb41429fb_2000.30a.delaye]
[www.pushpress.com/blog/mental-health-series-part-2-gym-owner-burnout.html]
[www.pushpress.com/category/_https_/cdn.prod.website-files.com/60359921321f8d62cd691da7/6487250d5c9dc4a357d05dc0_protect-your-mental-health-and-avoid-gym-owner-burnout_644c1e6b70faadb9450ef5b40a6da21c_20]
[www.pushpress.com/blog/chris-spealler-gym-owner-finding-balance.html]
[www.pushpress.com/category/_https_/cdn.prod.website-files.com/60359921321f8d62cd691da7/6481df054939b9284328db31_chris-spealler-finds-balance-in-fitness-and-being-a-gym-owner_b32ed0b7960d716a5b30e2beb894]
[www.pushpress.com/blog/gym-owners-guide-prioritizing-task-list.html]
[www.pushpress.com/blog/gym-owner-debate-romantic-relationships.html]
[www.pushpress.com/category/_https_/cdn.prod.website-files.com/60359921321f8d62cd691da7/6977b65802324f2a99469ed9_Blog Hero Images.html]
[www.pushpress.com/blog/gym-owner-debate-rep-shaving.html]
[www.pushpress.com/category/_https_/cdn.prod.website-files.com/60359921321f8d62cd691da7/646cc722c391437d155b461b_protecting-gym-culture-by-addressing-rep-shaving_a9214450b68b5d5674713184b3df1b55_2000.313]
[www.pushpress.com/blog/gym-owner-debate-opening-second-location.html]
[www.pushpress.com/category/_https_/cdn.prod.website-files.com/60359921321f8d62cd691da7/6464de174ea9f076298a3d19_crossfitboxes_0514bbcbbca6750f5635063f7f582b93_2000.html]
[www.pushpress.com/category/pushpress-grow3477.html]
[www.pushpress.com/category/_https_/cdn.prod.website-files.com/60359921321f8d62cd691da7/6543ba891b9bdb94c32a3341_personalize-follow-up-with-at-risk-leads-to-increase-retention_80bab8920145ae762a053cfc73d]
[www.pushpress.com/blog/pushpress-grow-best-long-term-lead-nurture-gym-crm.html]
[www.pushpress.com/category/_https_/cdn.prod.website-files.com/60359921321f8d62cd691da7/654ba2918c0656c68fde76b0_thank-members-for-gym-referrals_c52eada9111faf1e2287f874f3ed426a_2000.html]
[www.pushpress.com/category/_https_/cdn.prod.website-files.com/60359921321f8d62cd691da7/66606f7c36c6f99b5d0c8899_pushpress-grow-gym-crm_47862009ab5642db3c99aaa1ec6b1fff_2000.html]
[www.pushpress.com/category/_https_/cdn.prod.website-files.com/60359921321f8d62cd691da7/6722543aa1c8db10d1c5555c_new-pushpress-grow-workflows_4bd33f800614f03d9094d3012ae8ee92_2000.html]
[www.pushpress.com/category/_https_/cdn.prod.website-files.com/60359921321f8d62cd691da7/654cf415f5fd40d41506e864_pushpress-grow-content-library_41e259b059b59aa808f04c437d7ec4d0_2000.html]
[www.pushpress.com/blog/increased-leads-revenue-pushpress-grow-q3.html]
[www.pushpress.com/category/_https_/cdn.prod.website-files.com/60359921321f8d62cd691da7/64b7ec970cf9b8fe4636b992_pushpress-gyms-members-can-easily-book-appointments_1e18fdcd84304fc1e87f7d947522b8ff_2000]
[www.pushpress.com/category/_https_/cdn.prod.website-files.com/60359921321f8d62cd691da7/649302a77c1d7d47a21ef7eb_fixed-on-fitness-community_58b003637d9cea0ed76f1ddbc287da04_2000.html]
[www.pushpress.com/blog/stop-losing-leads-increase-show-rate-using-pushpress-grow.html]
[www.pushpress.com/category/_https_/cdn.prod.website-files.com/60359921321f8d62cd691da7/6452690287146cf91dfda7e5_use-pushpress-grow-to-increase-show-rate_a2948310d3dbe0814afae525d23f39a2_2000.html]
[www.pushpress.com/category/_https_/cdn.prod.website-files.com/60359921321f8d62cd691da7/6441458eb07428c210fa3417_use-pushpress-grow-to-connect-with-leads-and-service-gym-members_16cc1d3727704fa248058575d]
[www.pushpress.com/blog/pushpress-grow-saves-valuable-asset-time.html]
[www.pushpress.com/blog/building-successful-fitness-business-remote-team.html]
[www.pushpress.com/category/_https_/cdn.prod.website-files.com/60359921321f8d62cd691da7/63f77f91500f3524b8399ea0_Shane_Farmer%2C_owner_of_Dark_Horse_Rowing_a219aeba2ccf94ce806817a80801cebd_2000.32a.delay]
[www.pushpress.com/blog/gym-growth-blueprint-series-part-3-hiring-a-business-mentor.html]
[www.pushpress.com/category/_https_/cdn.prod.website-files.com/60359921321f8d62cd691da7/66e2f3ffd72d1f3b15b5e7fd_essential-crossfit_1ce911de495c69650d03d9a4d46af9a1_2000.html]
[www.pushpress.com/blog/encourage-gym-team-success.html]
[www.pushpress.com/category/_https_/cdn.prod.website-files.com/60359921321f8d62cd691da7/63eba22054a69ea3cdc8b985_gymmemberreward_7531d5a14ec9ce85bee389d90e764931_2000.html]
[www.pushpress.com/blog/starting-gym-powerful-high-performance-brand-building.html]
[www.pushpress.com/category/_https_/cdn.prod.website-files.com/60359921321f8d62cd691da7/6436b97b8fb69e5f0864bc70_OptimalClassSchedule_526e8bf9dcbf9ce31cf2453a3675b986_2000.html]
[www.pushpress.com/category/_https_/cdn.prod.website-files.com/60359921321f8d62cd691da7/69694a4c24f26814d33feee2_Blog Hero Images.html]
[www.pushpress.com/category/_https_/cdn.prod.website-files.com/60359921321f8d62cd691da7/695d5ccf2bb840c96d73c094_Blog Hero Images.html]
[www.pushpress.com/category/_https_/cdn.prod.website-files.com/60359921321f8d62cd691da7/694441578435a94e04bc4a1a_12.19_BlogCover_PushPressWrapped.html]
[www.pushpress.com/category/_https_/cdn.prod.website-files.com/60359921321f8d62cd691da7/69333165172be9fb85249cea_Minimal Photocentric Productivity Blog Banner.html]
[www.pushpress.com/blog/fight-party-gone-bad-gym-community-lessons.html]
[www.pushpress.com/category/_https_/cdn.prod.website-files.com/60359921321f8d62cd691da7/6409f48df0ee49827b26a0d7_fitstop-gym-community_829deb3faaf1046b67663e583c3b0b72_2000.html]
[www.pushpress.com/blog/gym-business-pleasure-build-relationships-team.html]
[www.pushpress.com/category/_https_/cdn.prod.website-files.com/60359921321f8d62cd691da7/63e3b9129bc05b8831ff20fc_EncourageYourStaff_b9fdd5df6766ccffbc588b6a66dad95f_2000.html]
[www.pushpress.com/category/_https_/cdn.prod.website-files.com/60359921321f8d62cd691da7/64b0037d8f1256cfda5170d2_have-fun-and-get-members-results-when-coaching-classes_17607c65832ff4c62c4303fd346a2322_20]
[www.pushpress.com/blog/five-tips-retaining-coaches-long-term.html]
[www.pushpress.com/category/_https_/cdn.prod.website-files.com/60359921321f8d62cd691da7/63ee452cd9805e6c70048d45_HiringaNewCoach_71615464935cbd6813780a783f50502f_2000.html]
[www.pushpress.com/blog/coaches-continued-education-benefits.html]
[www.pushpress.com/category/_https_/cdn.prod.website-files.com/60359921321f8d62cd691da7/63e26794b8bd338c701c8658_Findingfulfillmentincoaching_8ca0de741458d4dfa7e2ce5c7eaac8d5_2000.html]
[www.pushpress.com/blog/hiring-full-time-coaches-fitness-business.html]
[www.pushpress.com/category/_https_/cdn.prod.website-files.com/60359921321f8d62cd691da7/63fcc58cb53a31c150b165ba_hiring-full-time-coaches-for-gym-growth_2d579e64ec234d85e9d6735d209db663_2000.html]
[www.pushpress.com/category/_https_/cdn.prod.website-files.com/60359921321f8d62cd691da7/63dd219d91e20ad1d0b82694_CrossfitBlack_7b102b98b36926534746c4a8a623813b_2000.html]
[www.pushpress.com/blog/coach-ceo-building-right-team.html]
[www.pushpress.com/category/gym-growth3477.html]
[www.pushpress.com/category/_https_/cdn.prod.website-files.com/60359921321f8d62cd691da7/6925e5aca5eb708658e97b2e_image (16.html]
[www.pushpress.com/blog/gym-growth-blueprint-series-part-12-creating-a-business-plan.html]
[www.pushpress.com/blog/gym-growth-blueprint-series-part-11-choosing-gym-management-software.html]
[www.pushpress.com/category/_https_/cdn.prod.website-files.com/60359921321f8d62cd691da7/6720ea8561020ebd8668dbdc_pushpress-gym-management-software_9c68418e1e082fe35a292dab5601277d_2000.html]
[www.pushpress.com/blog/gym-growth-blueprint-series-part-10-avoid-trying-to-please-everyone.html]
[www.pushpress.com/category/_https_/cdn.prod.website-files.com/60359921321f8d62cd691da7/67111886e192e32c28319f67_crossfit-group-class_f1ed12b5f38dc38c20a0811f4e125dde_2000.html]
[www.pushpress.com/blog/gym-growth-blueprint-series-part-9-how-to-set-boundaries.html]
[www.pushpress.com/category/_https_/cdn.prod.website-files.com/60359921321f8d62cd691da7/670e75b4f9c63c768dec0e7b_setting-boundaries-for-gym-growth_90d14366573a0982572a1bfd7bb2cd3e_2000.html]
[www.pushpress.com/blog/gym-growth-blueprint-series-part-8-how-to-run-a-business-not-a-hobby.html]
[www.pushpress.com/category/_https_/cdn.prod.website-files.com/60359921321f8d62cd691da7/6707fd8e8b28f2e08c79a3ef_bold-city-crossfit-gym-community_5628167dfeffde7b150dabb32560d133_2000.html]
[www.pushpress.com/category/_https_/cdn.prod.website-files.com/60359921321f8d62cd691da7/66f568ff9cf37bd346acbd7b_gathering-member-feedback_2198d16123895f5eada2768f42cc5f63_2000.html]
[www.pushpress.com/category/_https_/cdn.prod.website-files.com/60359921321f8d62cd691da7/66f2c5fe0413542ad8c5fe82_legendary-fitness-gym-community_240c0332e05a0c8fc90461edf9032c09_2000.html]
[www.pushpress.com/category/_https_/cdn.prod.website-files.com/60359921321f8d62cd691da7/66ed917e7f596d8129f9813f_plus-ultra-gym-growth_c8ec3832bd929e66235f4e296a125a85_2000.html]
[www.pushpress.com/blog/gym-growth-blueprint-series-part-4-building-a-strong-gym-community.html]
[www.pushpress.com/category/_https_/cdn.prod.website-files.com/60359921321f8d62cd691da7/66e98b7962184d4edb70bd63_crossfit-exalted-gym-community_2d232cfe0cb40b7bd3da45fe5a2e648a_2000.html]
[www.pushpress.com/category/_https_/cdn.prod.website-files.com/60359921321f8d62cd691da7/674604d18148417b5c1876a7_at-fittestcreative-hyrox-39-bw_4a875812a3783e0dea5688476a291ce4_2000.html]
[www.pushpress.com/blog/brute-affiliate-programming-now-available-on-pushpress-train.html]
[www.pushpress.com/category/_https_/cdn.prod.website-files.com/60359921321f8d62cd691da7/672e279a58b746d4ad686a4e_james-sprague_0bcbb135a09712efb7cb46666a38632d_2000.html]
[www.pushpress.com/category/_https_/cdn.prod.website-files.com/60359921321f8d62cd691da7/662a61fec7c06f938d73c8b4_rich-froning-crossfit-games-champion_66c18c9071072110a8d5dd8164bc819f_2000.html]
[www.pushpress.com/blog/spring-training-brand-x-method-gym-programming.html]
[www.pushpress.com/category/_https_/cdn.prod.website-files.com/60359921321f8d62cd691da7/661fd5ffe8841d28612a464b_gym-programming-for-youth_624586361a17303dda1206df5c79ddb3_2000.html]
[www.pushpress.com/blog/spring-training-prvn-gym-programming.html]
[www.pushpress.com/category/_https_/cdn.prod.website-files.com/60359921321f8d62cd691da7/6617ecfc5025d13453805521_olivia-kerstetter-gym-programming_b0114ac9aee6b437f54f8c15db7c81c6_2000.html]
[www.pushpress.com/blog/spring-training-park-city-fit-gym-programming.html]
[www.pushpress.com/category/_https_/cdn.prod.website-files.com/60359921321f8d62cd691da7/66154a015d0fd54974120f53_chris-spealler-park-city-fit_1d1141c55a9f537cf75586b88d2aa9a6_2000.html]
[www.pushpress.com/category/_https_/cdn.prod.website-files.com/60359921321f8d62cd691da7/660eb27be655a263ea42de91_jason-khalipa-ncfit-founder_6a23a72ee5e582d6e1e9f9a1f45c8bfd_2000.html]
[www.pushpress.com/category/_https_/cdn.prod.website-files.com/60359921321f8d62cd691da7/6453ba77f5869747d301c8fc_tia-claire-toomey-prvn-fitness_922e249eb6030e851bb383f63960fb36_2000.html]
[www.pushpress.com/blog/gym-programming-options-increase-revenue.html]
[www.pushpress.com/category/_https_/cdn.prod.website-files.com/60359921321f8d62cd691da7/63c56693ada9af3071d1da09_Helpingmemberssucceed_ee69dfdf2e75328a11fef15158aa1e3e_2000.html]
[www.pushpress.com/blog/overcoming-gym-community-event-disaster.html]
[www.pushpress.com/category/_https_/cdn.prod.website-files.com/60359921321f8d62cd691da7/660578c42ebaa858289aec6c_emily-beers_196c9340c46036119707dada6d72ae83_2000.html]
[www.pushpress.com/blog/gym-grand-opening-pandemonium.html]
[www.pushpress.com/category/_https_/cdn.prod.website-files.com/60359921321f8d62cd691da7/6604268859de06bbb0ed1a9c_crossfit-cleveland-grand-opening_13c91024aef02b28c3621197879ab309_2000.html]
[www.pushpress.com/blog/managing-unpredictable-gym-event-march-madness.html]
[www.pushpress.com/category/_https_/cdn.prod.website-files.com/60359921321f8d62cd691da7/641320fdbfbd357965893ba0_hosting-an-unpredictable-gym-event_cbfcb528440c8f58bc37ffe91a72c16d_2000.html]
[www.pushpress.com/blog/run-simple-fun-profitable-intramural-open.html]
[www.pushpress.com/category/_https_/cdn.prod.website-files.com/60359921321f8d62cd691da7/677fe1d14374fed0c38e2455_wallball_1e0b8fd04dc084318d7ab7ba96eb6e67_2000.html]
[www.pushpress.com/blog/gym-competition-lessons-learned-march-madness.html]
[www.pushpress.com/category/_https_/cdn.prod.website-files.com/60359921321f8d62cd691da7/64107e0049fbc75bf3d32495_hosting-a-gym-competition_1ed8e9be469b4b310fc9be9b77f6cd71_2000.html]
[www.pushpress.com/category/_https_/cdn.prod.website-files.com/60359921321f8d62cd691da7/677fe548bb898f9d6a0860db_crossfitcompetition_569b6114cc5d4c6ce76814b07c82d0f9_2000.html]
[www.pushpress.com/blog/spiking-spooky-sales-best-practices-for-holiday-gym-apparel-orders.html]
[www.pushpress.com/category/_https_/cdn.prod.website-files.com/60359921321f8d62cd691da7/652e938821456f697d0a5c27_forever-fierce-stronger-things-shirt-design_2febc1d3f4c06a0f449214ec7f5b20b5_2000.377.dela]
[www.pushpress.com/blog/selling-revenue-generating-gym-merchandise.html]
[www.pushpress.com/category/_https_/cdn.prod.website-files.com/60359921321f8d62cd691da7/63a1ce14561c97a2de00cba5_Postsfrommembersaboutgymmerchandise_dfedaa1f56ffe66bfd06ad45e68d6b1b_800.html]
[www.pushpress.com/category/gym-revenue3477.html]
[www.pushpress.com/blog/six-steps-to-increase-gym-revenue-with-apparel-sales.html]
[www.pushpress.com/category/_https_/cdn.prod.website-files.com/60359921321f8d62cd691da7/6697cea76e289d2bef227bff_increase-gym-revenue-with-apparel-sales_2b35588c2cb156f8cf9c5b9f5981f137_2000.html]
[www.pushpress.com/category/_https_/cdn.prod.website-files.com/60359921321f8d62cd691da7/664ca90330630c7c68ef15b4_branded-gym-apparel_78958b1ed726bd4b7099709dfc6944c0_2000.html]
[www.pushpress.com/category/_https_/cdn.prod.website-files.com/60359921321f8d62cd691da7/65c39b18b24c7be3cf95e1cb_HowtoRunTeamMeetingsforYourCrossFitAffiliateGymStaff_5524fed239dbdc3bd3a16bdbf5e1d0a0_2000]
[www.pushpress.com/blog/five-email-marketing-strategies-to-increase-gym-revenue-in-2024.html]
[www.pushpress.com/category/_https_/cdn.prod.website-files.com/60359921321f8d62cd691da7/6596c81177862b6c168eaae8_email-marketing-and-automation_0d10f980d4020d1083f295ec94ca96ff_2000.html]
[www.pushpress.com/category/_https_/cdn.prod.website-files.com/60359921321f8d62cd691da7/677fe25201c4f254bdeb80f9_calculating-cost-of-opening-a-gym_d7973d0194340394e758349f2a720da0_2000.html]
[www.pushpress.com/blog/five-steps-to-launch-a-successful-youth-fitness-program-at-your-gym.html]
[www.pushpress.com/category/_https_/cdn.prod.website-files.com/60359921321f8d62cd691da7/6512e42ba973f01a2dfa6d9e_launching-a-youth-fitness-program_487727bd7fd4e9b99fbc4d141f5b0008_2000.html]
[www.pushpress.com/blog/why-fall-is-the-perfect-season-to-introduce-new-gym-revenue-streams.html]
[www.pushpress.com/category/_https_/cdn.prod.website-files.com/60359921321f8d62cd691da7/64d24a83663feff414981d6a_increase-gym-revenue-with-new-programs_17e98ed92e5e9625dcf1c9fecfe4b597_2000.html]
[www.pushpress.com/blog/five-creative-ideas-increase-gym-revenue.html]
[www.pushpress.com/category/_https_/cdn.prod.website-files.com/60359921321f8d62cd691da7/63cff2a45e096b4684b10bea_CrossFitStaff_c1af4e75357b1f51c7d812c589583487_2000.html]
[www.pushpress.com/blog/unique-ways-generate-gym-revenue-crossfit-lc-valley.html]
[www.pushpress.com/category/_https_/cdn.prod.website-files.com/60359921321f8d62cd691da7/645cf506254c287afb7af066_crossfit-lc-valley-community_f60d90a5e29688eff5b8affacb6e7360_2000.html]
[www.pushpress.com/category/_https_/cdn.prod.website-files.com/60359921321f8d62cd691da7/6447dcf7f475338d00ab21e6_increase-gym-revenue-with-pt-and-nutrition_511060629ee0ef3166b49f9a35d6f848_2000.38e.delay]
[www.pushpress.com/blog/how-to-launch-a-nutrition-coaching-program-using-pushpress-grow.html]
[www.pushpress.com/category/_https_/cdn.prod.website-files.com/60359921321f8d62cd691da7/667c1f02604ccb1e3999994a_schedule-a-goal-setting-session_d9a07585f6dee4eed45530be8aa9de56_2000.html]
[www.pushpress.com/blog/launch-and-grow-your-nutrition-coaching-program-using-automation.html]
[www.pushpress.com/category/_https_/cdn.prod.website-files.com/60359921321f8d62cd691da7/645badffdc7d255296510f04_schedule-a-goal-setting-session_673be5234dbc9c875bd4601f8abdeaa5_2000.html]
[www.pushpress.com/blog/now-is-the-perfect-time-to-launch-a-nutrition-coaching-program.html]
[www.pushpress.com/category/_https_/cdn.prod.website-files.com/60359921321f8d62cd691da7/64d4ed85cc61f2863f36473c_socializingatthegym_2ac9f549ff2a87be082a001f6431f2ed_2000.html]
[www.pushpress.com/blog/successful-fun-nutrition-coaching-program.html]
[www.pushpress.com/category/_https_/cdn.prod.website-files.com/60359921321f8d62cd691da7/64c2788aec55a1c1a3716080_running-a-fun-and-successful-nutrition-coaching-program_cc70b579944dffb605c0df19487e78e0_2]
[www.pushpress.com/blog/launch-successful-gym-nutrition-coaching.html]
[www.pushpress.com/category/_https_/cdn.prod.website-files.com/60359921321f8d62cd691da7/63b594b70d64f2beb34687e9_gymMEMBER_92ed76c07b961303403ec88eb6c570a3_2000.html]
[www.pushpress.com/blog/gym-startup-guide-perfect-gym-location.html]
[www.pushpress.com/category/_https_/cdn.prod.website-files.com/60359921321f8d62cd691da7/63b591548f22417dd8e2a941_Perfectgymlocation_8ec04fcb6d01621f913f758253a665e0_2000.html]
[www.pushpress.com/category/_https_/cdn.prod.website-files.com/60359921321f8d62cd691da7/63b59148c46c2afbe62666ab_Negotiatingagymlease_9775d80571aea2b57a718534f5db2659_2000.html]
[www.pushpress.com/category/_https_/cdn.prod.website-files.com/60359921321f8d62cd691da7/66d07f06835a79f5292dc849_celebrate-community-with-the-crossfit-open_b82d2c9d95685c15340b53e83d383982_2000.39e.delay]
[www.pushpress.com/category/_https_/cdn.prod.website-files.com/60359921321f8d62cd691da7/64e8b41e4bbfc6dad29dc40f_gym-partnerships-drive-revenue-and-retention_270bbfb32cd37f4eac353c58fd635d18_2000.3a0.del]
[www.pushpress.com/category/_https_/cdn.prod.website-files.com/60359921321f8d62cd691da7/677fde6131f008f52eb1d62b_formagympartnershiptodriverevenue_8330c8a60f1c7f5f96e3e15005791c84_2000.html]
[www.pushpress.com/category/_https_/cdn.prod.website-files.com/60359921321f8d62cd691da7/63b5913aebc470ba3e5e571f_Encourageemotioniscustomerinterviews_6da2e2dea3b7c62470613a625fb8d6ab_2000.html]
[www.pushpress.com/blog/gym-startup-guide-choose-gym-corporate-structure.html]
[www.pushpress.com/category/_https_/cdn.prod.website-files.com/60359921321f8d62cd691da7/63b5912dc1f2102f54d4049f_marketing_fbd033e51987f01bf4370b03afa51410_2000.html]
[www.pushpress.com/blog/finding-gym-space-retail-triple-net-lease.html]
[www.pushpress.com/category/_https_/cdn.prod.website-files.com/60359921321f8d62cd691da7/65a93d0e2db6bd6510679073_finding-gym-space_c52ba912b15196b49b53c6cb7531dea6_2000.html]
[www.pushpress.com/blog/finding-gym-space-part-3-lease-mistakes.html]
[www.pushpress.com/category/_https_/cdn.prod.website-files.com/60359921321f8d62cd691da7/65a69a14a9bb3e42f04bbdd7_finding-gym-space_3989de10e1c6208d18a44622490b232d_2000.html]
[www.pushpress.com/blog/finding-gym-space-part-ii-a-tale-of-three-locations-in-three-years.html]
[www.pushpress.com/category/_https_/cdn.prod.website-files.com/60359921321f8d62cd691da7/65a002905a43dad5d8f25582_finding-gym-space_37452816ce33fed692dcac569dcd45bf_2000.html]
[www.pushpress.com/blog/renting-gym-space-march-madness.html]
[www.pushpress.com/category/_https_/cdn.prod.website-files.com/60359921321f8d62cd691da7/641c5ba55776e0faeb9e7b55_renting-gym-space_fb307063af6080420f296ea8363a444a_2000.html]
[www.pushpress.com/blog/gym-startup-guide-optimize-gym-space.html]
[www.pushpress.com/category/_https_/cdn.prod.website-files.com/60359921321f8d62cd691da7/63b591222834b40bd4a9325e_HellWeekgymchallenge_a35ededdfefda2fc63d1b3d3f84e49e6_2000.html]
[www.pushpress.com/category/_https_/cdn.prod.website-files.com/60359921321f8d62cd691da7/63a471045d1ea5fae0e68574_buyerpersonas_3d13027753958f5c7d5046d53311c277_2000.html]
[www.pushpress.com/blog/market-research-guide-starting-gym.html]
[www.pushpress.com/category/_https_/cdn.prod.website-files.com/60359921321f8d62cd691da7/677fe058d5001568e5461e90_market-research-is-imperative-for-starting-a-gym_aea0c41c70819e3f36eae0d0dcdbcef5_2000.3b4]
[www.pushpress.com/blog/march-madness-starting-gym-unexpected-plan.html]
[www.pushpress.com/category/_https_/cdn.prod.website-files.com/60359921321f8d62cd691da7/6419b87ed2cc8438cad8d39a_starting-a-gym_747a9835a4c896864e5d0ca73c6a4e88_2000.html]
[www.pushpress.com/category/_https_/cdn.prod.website-files.com/60359921321f8d62cd691da7/63b5910a5d8ce76c559b6f32_Avoidcommongymlegalissues_2cc31012a890fc8d833775bdc07ab5cb_2000.html]
[www.pushpress.com/category/_https_/cdn.prod.website-files.com/60359921321f8d62cd691da7/677fe593f0490b5373a719fa_budgetreview_de2c4442c71c11509300b62d85f74138_2000.html]
[www.pushpress.com/category/_https_/cdn.prod.website-files.com/60359921321f8d62cd691da7/667acd7c740c4d9b31f59262_word-of-mouth-gym-marketing_ace10a1252bdb8cef728529258a10e2f_2000.html]
[www.pushpress.com/category/gym-marketing3477.html]
[www.pushpress.com/blog/gym-owners-guide-digital-marketing-for-fall-rush.html]
[www.pushpress.com/category/_https_/cdn.prod.website-files.com/60359921321f8d62cd691da7/66cf2d7fc1319cc8a7a34d6e_digital-marketing-strategy_af5e304b94bd9436ff66776948ceba7a_2000.html]
[www.pushpress.com/blog/best-practices-to-dial-in-your-gym-marketing-for-the-fall-rush.html]
[www.pushpress.com/category/_https_/cdn.prod.website-files.com/60359921321f8d62cd691da7/66a8f1fd55ae441fa2fac36d_digital-gym-marketing_39b320535e021f8d160f0686112cd579_2000.html]
[www.pushpress.com/blog/gym-owners-guide-to-rockin-the-customer-journey-part-2-consideration.html]
[www.pushpress.com/category/_https_/cdn.prod.website-files.com/60359921321f8d62cd691da7/668d427af948098505413b6f_marketing-strategy-for-gym-owners_b3e9925ce2a8d340cdea9865bc44bbce_2000.html]
[www.pushpress.com/category/_https_/cdn.prod.website-files.com/60359921321f8d62cd691da7/6685597d3aa7e804c9ff8324_gym-owners-guide-to-building-awareness_26721d84d3b92988e87e55141a7e41d3_2000.html]
[www.pushpress.com/category/_https_/cdn.prod.website-files.com/60359921321f8d62cd691da7/652fe50924f68eebd7c4f275_ReferralProgramFreeClasses_4d80b6fb58aca24d1dc728c8ff261bf1_2000.html]
[www.pushpress.com/blog/skyrocket-your-gym-marketing-with-email-campaigns-and-newsletters.html]
[www.pushpress.com/category/_https_/cdn.prod.website-files.com/60359921321f8d62cd691da7/6646117d10341fc209613ccc_improve-member-experience-with-pushpress-core_c3a3950685635113b459d8da7e4c29de_2000.3c8.de]
[www.pushpress.com/blog/how-to-increase-leads-and-sell-more-memberships-with-lead-magnets.html]
[www.pushpress.com/category/_https_/cdn.prod.website-files.com/60359921321f8d62cd691da7/66436e806ae17fa5298c74e7_creating-lead-magnets-for-gyms_334bde06336709c1ee689f4b596794d5_2000.html]
[www.pushpress.com/blog/digital-marketing-101-how-to-navigate-paid-gym-ads.html]
[www.pushpress.com/blog/five-tips-to-maximize-your-gym-marketing-strategy-this-fall-season.html]
[www.pushpress.com/category/_https_/cdn.prod.website-files.com/60359921321f8d62cd691da7/677fe21b7a3e93b77dbd2ffe_music-city-muscle-community-in-nashville-tn_b1145661b24fdf9c076a2e487c379e5d_2000.3cd.dela]
[www.pushpress.com/blog/sealing-the-deal-six-tips-for-closing-sales-at-your-gym-this-fall.html]
[www.pushpress.com/category/_https_/cdn.prod.website-files.com/60359921321f8d62cd691da7/66b4cf84c1648ea60155bcc2_metconlongbeachclass_f8e695be5146db79de1298e37cc8fc23_2000.html]
[www.pushpress.com/blog/gym-startup-guide-selling-gym-memberships.html]
[www.pushpress.com/category/_https_/cdn.prod.website-files.com/60359921321f8d62cd691da7/6373a98ba3d06acd26cc86c8_GymsClosingSales_9ff5dd46d1634b1abde91827a766b1b2_2000.html]
[www.pushpress.com/blog/pushpress-grow-helps-kaylee-suitors-sell-499-month-intro-program.html]
[www.pushpress.com/category/_https_/cdn.prod.website-files.com/60359921321f8d62cd691da7/639893899286c63b320bd475_KayleeSuitors_96e14be54af4c2c941d8eaa3406711fe_2000.html]
[www.pushpress.com/blog/growing-gym-social-media-with-automation-in-pushpress-grow.html]
[www.pushpress.com/category/_https_/cdn.prod.website-files.com/60359921321f8d62cd691da7/672a3672545e00e2b7cf0cc4_automating-gym-social-media_6e90914dc1a1a9fca0d5dce49eb87508_2000.html]
[www.pushpress.com/blog/automation-gym-owners-save-time-increase-revenue.html]
[www.pushpress.com/category/_https_/cdn.prod.website-files.com/60359921321f8d62cd691da7/63fe17104c0684808060555b_Researchinggyms_f7fd19f0bed38eac8fd00f789dd7d047_2000.html]
[www.pushpress.com/blog/pushpress-grow-helps-navigate-new-years-rush.html]
[www.pushpress.com/category/_https_/cdn.prod.website-files.com/60359921321f8d62cd691da7/63a07c868ea45425128a1081_FitnessMarketing_9c25fa9ddedc709e65cc9a1cf139760e_2000.html]
[www.pushpress.com/blog/pushpress-grow-workflows-increase-revenue.html]
[www.pushpress.com/category/_https_/cdn.prod.website-files.com/60359921321f8d62cd691da7/6392228546bf7df55e97fa75_PushPressGrowhelpedFWDFitnessexpand_3e760738aceb906ecd8295be34b9a565_2000.html]
[www.pushpress.com/category/_https_/cdn.prod.website-files.com/60359921321f8d62cd691da7/677fdc1612b0e7af3c07d199_screenshot-2024-12-10-at-41605-pm_bd97a4d6914e54ad22033958380397ee_2000.html]
[www.pushpress.com/blog/how-an-ohio-pushpress-gym-owner-impacts-the-fight-against-addiction.html]
[www.pushpress.com/category/_https_/cdn.prod.website-files.com/60359921321f8d62cd691da7/659eb13618fe907cffcfbe57_pskc-crossfit-dale-king_4c26574ed761ec83156619147dcfe7d7_2000.html]
[www.pushpress.com/category/_https_/cdn.prod.website-files.com/60359921321f8d62cd691da7/65708c8fa8256b615efd8768_group-classes-at-the-pitt-training-facility_5f5f586b9e1e0b237f3b26a2c532dbee_2000.3e1.dela]
[www.pushpress.com/category/_https_/cdn.prod.website-files.com/60359921321f8d62cd691da7/6567520dd5037654ca460bd2_aiga-performance-community_7998d98f07d4fe53fa570b80660eb9bd_2000.html]
[www.pushpress.com/blog/gym-owners-buying-versus-renting-gym-space.html]
[www.pushpress.com/category/_https_/cdn.prod.website-files.com/60359921321f8d62cd691da7/646b75a9c251f66932335a78_gym-community-in-front-of-owned-gym-space_6101ea133018492d90057f7f96ef3f2e_2000.3e4.delaye]
[www.pushpress.com/category/_https_/cdn.prod.website-files.com/60359921321f8d62cd691da7/637ce40d2f40961357cf122e_JasoYule_2126da2066f115a53b954196e79078ed_2000.html]
[www.pushpress.com/blog/write-client-stories.html]
[www.pushpress.com/category/_https_/cdn.prod.website-files.com/60359921321f8d62cd691da7/636d12372b327f465e620315_BarryPepperatHSNconference_c25097d6d8cb660f41d3debc707e7303_2000.html]
[www.pushpress.com/category/_https_/cdn.prod.website-files.com/60359921321f8d62cd691da7/636126a3806fbacbce4e5fd1_RobertSchwartz_9d9aff9e9a5983cbcff82f79702ae261_2000.html]
[www.pushpress.com/category/_https_/cdn.prod.website-files.com/60359921321f8d62cd691da7/663cd6fca6dee45fa3bf47e6_tell-member-stories-on-gym-social-media_2bb2470e5887ea3eee2d70116ac2b7a0_2000.html]
[www.pushpress.com/category/_https_/cdn.prod.website-files.com/60359921321f8d62cd691da7/652559222fb6e904718e8515_social-media-influencers-can-grow-your-gym_2c18b5627b2d9cf90addd5f4134d413c_2000.3ed.delay]
[www.pushpress.com/blog/automating-gym-social-media-pushpress-social-planner.html]
[www.pushpress.com/blog/gym-social-media-improvement.html]
[www.pushpress.com/category/_https_/cdn.prod.website-files.com/60359921321f8d62cd691da7/677fe1836dce85ac0140aeb9_gymsocialmediastrategy_b0679de2a5699ae3baa27947c8d2a28f_2000.html]
[www.pushpress.com/blog/gym-social-media-strategy.html]
[www.pushpress.com/category/_https_/cdn.prod.website-files.com/60359921321f8d62cd691da7/635982e7662fa5e2bff1ba71_Connectwithmembers_c3e3b3a75894e002c4f13c980e890b7c_2000.html]
[www.pushpress.com/category/member-retention3477.html]
[www.pushpress.com/category/_https_/cdn.prod.website-files.com/60359921321f8d62cd691da7/697256f51f75328ca2b82a29_Blog Hero Images.html]
[www.pushpress.com/category/_https_/cdn.prod.website-files.com/60359921321f8d62cd691da7/66bb6700d3976dc309b78d69_committed-club-for-member-retention_2d7751d948e54365d10b5d3c4dadbf50_2000.html]
[www.pushpress.com/category/_https_/cdn.prod.website-files.com/60359921321f8d62cd691da7/64a2d47e00425ea28ca6b02a_fun-challenges-for-your-gym-community_fdf317040253ab82b244a0f872b6a25a_2000.html]
[www.pushpress.com/blog/long-term-loyalty-increasing-member-retention-with-pushpress-grow.html]
[www.pushpress.com/category/_https_/cdn.prod.website-files.com/60359921321f8d62cd691da7/64f8861c81719aa2d3718b24_greg-buck-with-crossfit-arioch-member_a3ff87d9c401608826457335c280e142_2000.html]
[www.pushpress.com/blog/increasing-gym-member-retention-chris-spealler-part-2.html]
[www.pushpress.com/blog/increase-gym-member-retention-chris-spealler-part-1.html]
[www.pushpress.com/category/_https_/cdn.prod.website-files.com/60359921321f8d62cd691da7/64ad6080669add6384429ae4_increase-gym-member-retention_33c0aa640d90dd62a5714b059647c9f8_2000.html]
[www.pushpress.com/blog/five-ways-increase-gym-member-retention.html]
[www.pushpress.com/category/_https_/cdn.prod.website-files.com/60359921321f8d62cd691da7/647601a6a7942c87649e4f83_Buildastronggymcommunity_92d11ac5890c7df9c7bf0dc5b26a54a0_2000.html]
[www.pushpress.com/blog/fitness-business-growth-gym-member-retention.html]
[www.pushpress.com/category/_https_/cdn.prod.website-files.com/60359921321f8d62cd691da7/643ea284e0d147e78f7d36a5_gym-member-retention-is-key-for-growth_c06b49ca327edcec823a43b0656b725d_2000.html]
[www.pushpress.com/category/_https_/cdn.prod.website-files.com/60359921321f8d62cd691da7/63d1441b38cf62d48a2b1b8b_memberretention_3639a1a75ed23bce4c2a710e176c18bf_2000.html]
[www.pushpress.com/blog/fitness-performance-data.html]
[www.pushpress.com/category/_https_/cdn.prod.website-files.com/60359921321f8d62cd691da7/638e07933348499883e8197a_Trackfitnessperformancedata_cac318ea4bd166234f4df04c63957f94_2000.html]
[www.pushpress.com/blog/pushpress-grow-converts-leads-members.html]
[www.pushpress.com/taglist/gym-website-01a9a.html]
[www.pushpress.com/taglist/grow.html]
[www.pushpress.com/taglist/gym-growth-3278a.html]
[www.pushpress.com/blog/_https_/cdn.prod.website-files.com/60359921321f8d62cd691da7/63753fc3f93fb52ebbcab667_Screenshot 2022-11-16 at 1.38.39 PM.html]
[www.pushpress.com/podcast-v1/episode-05-zach-forrest-director-of-pushstart-free-gym-mentoring.html]
[www.pushpress.com/blog/build-a-strong-gym-community-to-improve-member-experience.html]
[www.pushpress.com/blog/motivate-gym-members-with-fun-incentives-and-challenges.html]
[www.pushpress.com/products/core/pushpress-committed-club.html]
[www.pushpress.com/taglist/gym-comunity.html]
[www.pushpress.com/taglist/gym-retention-cbcaf.html]
[www.pushpress.com/blog/_https_/cdn.prod.website-files.com/60359921321f8d62cd691da7/697256f51f75328ca2b82a29_Blog Hero Images.html]
[www.pushpress.com/blog/_https_/cdn.prod.website-files.com/60359921321f8d62cd691da7/69712ec755f72329a4851bea_Blog Hero Images.html]
[www.pushpress.com/taglist/pushstart-webinar-5ddd7.html]
[www.pushpress.com/taglist/growth-strategies.html]
[www.pushpress.com/taglist/gym-ownership.html]
[www.pushpress.com/taglist/gym-growth.html]
[www.pushpress.com/blog/_https_/cdn.prod.website-files.com/60359921321f8d62cd691da7/6945a4cf92f9e61d084456c3_Blog Hero Image [Gifts for Gym Lovers].html]
[www.pushpress.com/blog/_https_/cdn.prod.website-files.com/60359921321f8d62cd691da7/68ffaf42975d4f7bb5b9c4f5_20251024-DSC07789.html]
[www.pushpress.com/events818e.html]
[www.pushpress.com/taglist/community-b5f95.html]
[www.pushpress.com/taglist/pushpress-grow-e352b.html]
[www.pushpress.com/taglist/pushpress-features.html]
[www.pushpress.com/taglist/member-experience-6d6ac.html]
[www.pushpress.com/blog/_https_/cdn.prod.website-files.com/60359921321f8d62cd691da7/69694a4c24f26814d33feee2_Blog Hero Images.html]
[www.pushpress.com/blog/_https_/cdn.prod.website-files.com/60359921321f8d62cd691da7/695d5ccf2bb840c96d73c094_Blog Hero Images.html]
[www.pushpress.com/taglist/product-feature.html]
[www.pushpress.com/taglist/member-retention.html]
[www.pushpress.com/blog/_https_/cdn.prod.website-files.com/60359921321f8d62cd691da7/6941cfe22e5c6e1248292542_12.18_BlogCover_2025Product.html]
[www.pushpress.com/referralprogram.html]
[www.pushpress.com/taglist/switching-software-277fd.html]
[www.pushpress.com/_https_/cdn.prod.website-files.com/60359921321f8d62cd691da7/681a13cb0719344c88fcc1fa_productpush-blog-1_f57c505a58be7bd19260792494fc8519_2000.html]
[www.pushpress.com/_https_/cdn.prod.website-files.com/60359921321f8d62cd691da7/68191baca27cb31793ce3481_image-5_7835130f723fa7bc63fe335c2129d3a1_2000.html]
[www.pushpress.com/_https_/cdn.prod.website-files.com/60359921321f8d62cd691da7/6966b90d677de118174dc92a_Blog Hero Images.html]
[www.pushpress.com/_https_/cdn.prod.website-files.com/60359921321f8d62cd691da7/67eea4f557348ca08e1aa8ee_march-25-productpush_abc7fc9a1cd8ca4749913f2bc257307d_2000.html]
[www.pushpress.com/_https_/cdn.prod.website-files.com/60359921321f8d62cd691da7/67eea4200cda80be8471b06e_pushpress2020photos-18_6153348e776c2b14fd70c356ec67aa41_2000.html]
[www.pushpress.com/_https_/cdn.prod.website-files.com/60359921321f8d62cd691da7/67e5895468ec234a338e3e6c_screenshot-2025-03-27-at-101038-am_22b32e9800b8ff0c5ab0c3034684f661_2000.html]
[www.pushpress.com/_https_/cdn.prod.website-files.com/60359921321f8d62cd691da7/67d44af518822497e0381710_0q5a0431_0a772dde808a6a00c88ff7068d00d0be_2000.html]
[www.pushpress.com/_https_/cdn.prod.website-files.com/60359921321f8d62cd691da7/67c744b5272584bf8612983d_february-25-productpush_b5662aa941f89813a0db8140bf8e5cde_2000.html]
[www.pushpress.com/_https_/cdn.prod.website-files.com/60359921321f8d62cd691da7/67bdf3ef40d0f307478c9971_dd7bd2b7-a759-4281-b019-e8aa9d7abeberemotebf85b727620408a6899c5272b144d07e6a3101e3-4-original_3351f]
[www.pushpress.com/_https_/cdn.prod.website-files.com/60359921321f8d62cd691da7/67c74498bc0bf67281f7b76c_january-25-productpush_c3f8b8aad6005ed716fc611c187d6a4f_2000.html]
[www.pushpress.com/blog/the-pushpress-feature-spotlight-2024.html]
[www.pushpress.com/_https_/cdn.prod.website-files.com/60359921321f8d62cd691da7/677fdb2029832f1ace2168e7_feature-spotlight-2024-cover_17fb6bbc4236ac59b567ec05a28e7781_2000.html]
[www.pushpress.com/blog/pushpress-2024-year-in-review-building-the-future-of-gym-management.html]
[www.pushpress.com/_https_/cdn.prod.website-files.com/60359921321f8d62cd691da7/677fdb7da0a8262150da5541_a7s05207_94a7398ecc6849188cad5284fb968bdf_2000.html]
[www.pushpress.com/_https_/cdn.prod.website-files.com/60359921321f8d62cd691da7/677fdbb5c58e30595853be33_pushpress2020photos-21_868504d478969cdb848b255d7a0fd1eb_2000.html]
[www.pushpress.com/_https_/cdn.prod.website-files.com/60359921321f8d62cd691da7/677d5411e863627536880610_a7s04601_fa5cfdfd8f9326c3b30c73ec9e2e980f_2000.html]
[www.pushpress.com/_https_/cdn.prod.website-files.com/60359921321f8d62cd691da7/677fdc1612b0e7af3c07d199_screenshot-2024-12-10-at-41605-pm_bd97a4d6914e54ad22033958380397ee_2000.html]
[www.pushpress.com/blog/gym-onboarding-series-part-4-creating-an-unforgettable-first-90-days.html]
[www.pushpress.com/_https_/cdn.prod.website-files.com/60359921321f8d62cd691da7/677fdc3ac58e3059585454bc_a7s02221_db65decbcb2446bee3d947ae8440650c_2000.html]
[www.pushpress.com/_https_/cdn.prod.website-files.com/60359921321f8d62cd691da7/674604d18148417b5c1876a7_at-fittestcreative-hyrox-39-bw_4a875812a3783e0dea5688476a291ce4_2000.html]
[www.pushpress.com/_https_/cdn.prod.website-files.com/60359921321f8d62cd691da7/6543ba891b9bdb94c32a3341_personalize-follow-up-with-at-risk-leads-to-increase-retention_80bab8920145ae762a053cfc73d205ef_200]
[www.pushpress.com/_https_/cdn.prod.website-files.com/60359921321f8d62cd691da7/673f4b258a434e9cb224652c_pushpress2020photos-9_74c7737f3e604c55ecf23df19a89378c_2000.html]
[www.pushpress.com/_https_/cdn.prod.website-files.com/60359921321f8d62cd691da7/654ba2918c0656c68fde76b0_thank-members-for-gym-referrals_c52eada9111faf1e2287f874f3ed426a_2000.html]
[www.pushpress.com/blog649c.html]
[www.pushpress.com/podcast/rss.html]
[www.pushpress.com/podcast/GET.html]
[www.pushpress.com/podcast/button.href, window.location.html]
[www.pushpress.com/podcast/classpass-is-trashpass.html]
[www.pushpress.com/events/GET.html]
[www.pushpress.com/events/button.href, window.location.html]
[www.pushpress.com/gym-startup-guide-2.html]
[www.pushpress.com/startup-gym-guide/logo-one-sheet.html]
[www.pushpress.com/startup-gym-guide/dont-go-it-alone-find-a-mentor-today.html]
[www.pushpress.com/startup-gym-guide/how-to-create-marketing-advocates-and-get-free-marketing.html]
[www.pushpress.com/gym-story/how-we-grew-by-focusing-on-what-we-had-our-community.html]
[www.pushpress.com/gym-story/how-we-grew-a-garage-gym-in-houston-tx-to-multiple-locations.html]
[www.pushpress.com/gym-story/how-we-became-australias-most-awarded-boutique-gym.html]
[www.pushpress.com/features/GET.html]
[www.pushpress.com/features/button.href, window.location.html]
[www.pushpress.com/blog/ultimate-member-experience-automation.html]
[www.pushpress.com/taglist/member-retention-6.html]
[www.pushpress.com/taglist/member-check-ins.html]
[www.pushpress.com/taglist/pushpress-grow-4.html]
[www.pushpress.com/taglist/client-success-story-0.html]
[www.pushpress.com/blog/_https_/cdn.prod.website-files.com/60359921321f8d62cd691da7/6543ba891b9bdb94c32a3341_personalize-follow-up-with-at-risk-leads-to-increase-retention_80bab8920145ae762a053cfc73d205e]
[www.pushpress.com/blog/_https_/cdn.prod.website-files.com/60359921321f8d62cd691da7/654ba2918c0656c68fde76b0_thank-members-for-gym-referrals_c52eada9111faf1e2287f874f3ed426a_2000.html]
[www.pushpress.com/taglist/GET.html]
[www.pushpress.com/taglist/button.href, window.location.html]
[www.pushpress.com/taglist/_https_/cdn.prod.website-files.com/60359921321f8d62cd691da7/69a2044a25bd575ea5f94045_Untitled design (17.html]
[www.pushpress.com/blog/refine-your-messaging-five-things-to-avoid-in-lead-nurture-convos.html]
[www.pushpress.com/taglist/_https_/cdn.prod.website-files.com/60359921321f8d62cd691da7/645a520e43989a43dd42be87_use-social-planner-to-automate-and-schedule-social-media-posts_c43e0f9fdc69ae404d1c105a35cf]
[www.pushpress.com/taglist/_https_/cdn.prod.website-files.com/60359921321f8d62cd691da7/64f8861c81719aa2d3718b24_greg-buck-with-crossfit-arioch-member_a3ff87d9c401608826457335c280e142_2000.html]
[www.pushpress.com/blog/gym-culture-crossfit.html]
[www.pushpress.com/blog/scaling-crossfit-workouts.html]
[www.pushpress.com/taglist/gym-startup.html]
[www.pushpress.com/taglist/operations-3.html]
[www.pushpress.com/taglist/legal-2.html]
[www.pushpress.com/taglist/gsg-2-0.html]
[www.pushpress.com/taglist/gsg-how-to-start.html]
[www.pushpress.com/blog/_https_/cdn.prod.website-files.com/60359921321f8d62cd691da7/6525b4d7ffcd94972da030a0_Monica Hilton-min.html]
[www.pushpress.com/blog/_https_/cdn.prod.website-files.com/60359921321f8d62cd691da7/646f86306b44c7b2c6bca57a_FitnessBusiness_31053ef30a14779649e143d2e18771a5_2000.html]
[www.pushpress.com/blog/_https_/cdn.prod.website-files.com/60359921321f8d62cd691da7/63a471045d1ea5fae0e68574_buyerpersonas_3d13027753958f5c7d5046d53311c277_2000.html]
[www.pushpress.com/blog/gym-onboarding-series-part-2-why-onboard-with-pt-first.html]
[www.pushpress.com/blog/crossfit-gym-culture.html]
[www.pushpress.com/blog/pushpress-grow-enhances-new-member-experience.html]
[www.pushpress.com/taglist/onboarding-dd203.html]
[www.pushpress.com/taglist/gym-member-experience-a4f4a.html]
[www.pushpress.com/taglist/gym-member-onboarding.html]
[www.pushpress.com/blog/_https_/cdn.prod.website-files.com/60359921321f8d62cd691da7/61826831c1cc395d59d8bff8_242352344_10165969035915341_102515337646891989_n.html]
[www.pushpress.com/blog/_https_/cdn.prod.website-files.com/60359921321f8d62cd691da7/677fdb2029832f1ace2168e7_feature-spotlight-2024-cover_17fb6bbc4236ac59b567ec05a28e7781_2000.html]
[www.pushpress.com/feature-list/GET.html]
[www.pushpress.com/feature-list/button.href, window.location.html]
[www.pushpress.com/book-v2.html]
[www.pushpress.com/category/pushpress.html]
[www.pushpress.com/taglist/pushpress-5.html]
[www.pushpress.com/blog/_https_/cdn.prod.website-files.com/60359921321f8d62cd691da7/677fdb7da0a8262150da5541_a7s05207_94a7398ecc6849188cad5284fb968bdf_2000.html]
[www.pushpress.com/taglist/bjj.html]
[www.pushpress.com/taglist/_https_/cdn.prod.website-files.com/60359921321f8d62cd691da7/697b83ac9b5ee047d9f3c6c0_Blog Hero Images.html]
[www.pushpress.com/taglist/_https_/cdn.prod.website-files.com/60359921321f8d62cd691da7/677fdb2029832f1ace2168e7_feature-spotlight-2024-cover_17fb6bbc4236ac59b567ec05a28e7781_2000.html]
[www.pushpress.com/taglist/_https_/cdn.prod.website-files.com/60359921321f8d62cd691da7/677fdbb5c58e30595853be33_pushpress2020photos-21_868504d478969cdb848b255d7a0fd1eb_2000.html]
[www.pushpress.com/taglist/_https_/cdn.prod.website-files.com/60359921321f8d62cd691da7/677fe394dd39ace328cc38d4_pushpress-improves-gym-member-experience_fad751d0ab8f7fe31c9529564800b0c0_2000.html]
[www.pushpress.com/taglist/_https_/cdn.prod.website-files.com/60359921321f8d62cd691da7/677fe1259d262b0114455e82_howtoimproveretentionrateforyourgym_b6c6fe86124a236b35e31a8eb65e7346_2000.html]
[www.pushpress.com/blog/fitness-questionnaire.html]
[www.pushpress.com/taglist/_https_/cdn.prod.website-files.com/60359921321f8d62cd691da7/677fe1fe728589f6840fc1bd_completingfitnessquestions_2d2c16f5c8f4af4f4ed8afa0f08c59be_2000.html]
[www.pushpress.com/legal/GET.html]
[www.pushpress.com/legal/button.href, window.location.html]
[www.pushpress.com/old-home.html]
[www.pushpress.com/privacy-policy.html]
[www.pushpress.com/blog/gym-blog-tips.html]
[www.pushpress.com/blog/gym-marketing-plan-essential-elements.html]
[www.pushpress.com/taglist/marketing-tips-ca4bf.html]
[www.pushpress.com/taglist/gym-marketing-66e8c.html]
[www.pushpress.com/taglist/gym-management-6857e.html]
[www.pushpress.com/taglist/pushpress-grow-a8384.html]
[www.pushpress.com/blog/powerful-gym-website-tips.html]
[www.pushpress.com/taglist/marketing-tips-7d4b3.html]
[www.pushpress.com/taglist/social-media-f.html]
[www.pushpress.com/taglist/website-content.html]
[www.pushpress.com/taglist/ways-to-grow-your-gym-4.html]
[www.pushpress.com/blog/_https_/cdn.prod.website-files.com/60359921321f8d62cd691da7/65df4ab57fddef96479e9852_increase-gym-revenue-with-senior-fitness_74846c8a104448495785fdbdc7968660_2000.html]
[www.pushpress.com/blog/gym-opening-second-location-secret.html]
[www.pushpress.com/blog/pushpress-success-stories.html]
[www.pushpress.com/blog/how-pushpress-and-lasso-helped-vibe-boxing-fitness-more-than-double-revenue-in-two-months.html]
[www.pushpress.com/taglist/websites-e0579.html]
[www.pushpress.com/taglist/client-success-story-06025.html]
[www.pushpress.com/blog/_https_/cdn.prod.website-files.com/60359921321f8d62cd691da7/694441578435a94e04bc4a1a_12.19_BlogCover_PushPressWrapped.html]
[www.pushpress.com/blog/_https_/cdn.prod.website-files.com/60359921321f8d62cd691da7/66c5f3000476efee47f2e9ae_prvn-in-nashville-tn_945536ebd584bc9f2058ead1e9559d14_2000.html]
[www.pushpress.com/blog/_https_/cdn.prod.website-files.com/60359921321f8d62cd691da7/67eea4200cda80be8471b06e_pushpress2020photos-18_6153348e776c2b14fd70c356ec67aa41_2000.html]
[www.pushpress.com/blog/_https_/cdn.prod.website-files.com/60359921321f8d62cd691da7/684a124f57ff126ad6a7e912_ProductPush-Blog (2.html]
[www.pushpress.com/blog/why-automating-is-the-key-to-growing-your-gym-social-media.html]
[www.pushpress.com/taglist/gym-content.html]
[www.pushpress.com/taglist/gym-marketing-30a34.html]
[www.pushpress.com/taglist/branding-65fc0.html]
[www.pushpress.com/taglist/gym-revenue-ca37a.html]
[www.pushpress.com/blog/_https_/cdn.prod.website-files.com/60359921321f8d62cd691da7/66fc00a637048fdf64309108_ks-athletic-club-gym-halloween_ffcfef09cdfe7fb69ffa26e3856216e4_2000.html]
[www.pushpress.com/book-v29810.html]
[www.pushpress.com/taglist/hybrid-memberships.html]
[www.pushpress.com/taglist/gym-retention-7d34e.html]
[www.pushpress.com/blog/_https_/cdn.prod.website-files.com/60359921321f8d62cd691da7/656f3b0df05efa0de4ef2771_discuss-important-topics-with-members-in-a-town-hall-setting_d3cf902c493cf04d36906df4e47e67e5_]
[www.pushpress.com/blog/_https_/cdn.prod.website-files.com/60359921321f8d62cd691da7/6722543aa1c8db10d1c5555c_new-pushpress-grow-workflows_4bd33f800614f03d9094d3012ae8ee92_2000.html]
[www.pushpress.com/book-v27f80.html]
[www.pushpress.com/taglist/gym-revenue-a.html]
[www.pushpress.com/taglist/high-ticket-gym-sales-292b7.html]
[www.pushpress.com/taglist/revenue-90e9c.html]
[www.pushpress.com/blog/_https_/cdn.prod.website-files.com/60359921321f8d62cd691da7/66bcbf8529dd1fdb7e3fe960_ultimate-member-experience_e017b40d4b62b46f190809a8619714e1_2000.html]
[www.pushpress.com/blog/_https_/cdn.prod.website-files.com/60359921321f8d62cd691da7/6687fc7cff388b8715df22e2_thank-members-for-gym-referrals_2865c63c42e4733fee8ad33355073969_2000.html]
[www.pushpress.com/taglist/crossfit-open.html]
[www.pushpress.com/taglist/crossfit-4167a.html]
[www.pushpress.com/taglist/pushpress-train-fa940.html]
[www.pushpress.com/blog/_https_/cdn.prod.website-files.com/60359921321f8d62cd691da7/672e279a58b746d4ad686a4e_james-sprague_0bcbb135a09712efb7cb46666a38632d_2000.html]
[www.pushpress.com/blog/_https_/cdn.prod.website-files.com/60359921321f8d62cd691da7/66743605906c2eda92bd63e7_fitnkc-gym-community_f26c1a718127a24b21aedb9c47d39757_2000.html]
[www.pushpress.com/taglist/finding-gym-space.html]
[www.pushpress.com/taglist/gym-space-91cfa.html]
[www.pushpress.com/taglist/owning-a-gym.html]
[www.pushpress.com/taglist/gym-owner-a4091.html]
[www.pushpress.com/blog/what-for-gym-owners-by-gym-owners-really-means-at-pushpress.html]
[www.pushpress.com/blog/_https_/cdn.prod.website-files.com/60359921321f8d62cd691da7/66aa437bcde98bc29d48c082_pushpress-team_c028e6938d0e6d0d95d7b233ebc2ab68_2000.html]
[www.pushpress.com/blog/_https_/cdn.prod.website-files.com/60359921321f8d62cd691da7/644fc5fc4197b8594c3fa818_creating-policies-keeps-gym-member-experience-consistent_f5de6cfbfc1a7220b288546dc4425e8f_800]
[www.pushpress.com/blog/crossfit-core-values.html]
[www.pushpress.com/blog/gym-marketing-media-types-paid-earned-owned.html]
[www.pushpress.com/taglist/gym-branding.html]
[www.pushpress.com/taglist/rebranding-035c7.html]
[www.pushpress.com/blog/_https_/cdn.prod.website-files.com/60359921321f8d62cd691da7/66d07f06835a79f5292dc849_celebrate-community-with-the-crossfit-open_b82d2c9d95685c15340b53e83d383982_2000.html]
[www.pushpress.com/blog/_https_/cdn.prod.website-files.com/60359921321f8d62cd691da7/66cf2d7fc1319cc8a7a34d6e_digital-marketing-strategy_af5e304b94bd9436ff66776948ceba7a_2000.html]
[www.pushpress.com/taglist/improve-seo.html]
[www.pushpress.com/taglist/gym-website.html]
[www.pushpress.com/taglist/healthy-habits.html]
[www.pushpress.com/taglist/gym-community.html]
[www.pushpress.com/taglist/member-retention-e5128.html]
[www.pushpress.com/taglist/mental-health.html]
[www.pushpress.com/blog/_https_/cdn.prod.website-files.com/60359921321f8d62cd691da7/66bb6700d3976dc309b78d69_committed-club-for-member-retention_2d7751d948e54365d10b5d3c4dadbf50_2000.html]
[www.pushpress.com/blog/capturing-customer-feedback.html]
[www.pushpress.com/book-v2c137.html]
[www.pushpress.com/taglist/coaching-81f8b.html]
[www.pushpress.com/taglist/member-experience-3fc06.html]
[www.pushpress.com/blog/_https_/cdn.prod.website-files.com/60359921321f8d62cd691da7/660eb27be655a263ea42de91_jason-khalipa-ncfit-founder_6a23a72ee5e582d6e1e9f9a1f45c8bfd_2000.html]
[www.pushpress.com/blog/_https_/cdn.prod.website-files.com/60359921321f8d62cd691da7/63da7ebbbdb3284cb352244f_ImpactofStaffDevelopment_62ce5a962f11cdff795bfc9ba270ca0e_2000.html]
[www.pushpress.com/taglist/pushstart.html]
[www.pushpress.com/taglist/gym-growth-4d6e2.html]
[www.pushpress.com/taglist/ways-to-grow-your-gym-c6431.html]
[www.pushpress.com/blog/want-member-referrals-create-raving-fans.html]
[www.pushpress.com/taglist/scaling-a384a.html]
[www.pushpress.com/blog/increase-gym-revenue-product-sales-pushpress-staff-app.html]
[www.pushpress.com/book-v22c4d.html]
[www.pushpress.com/taglist/pushpress-core-63f77.html]
[www.pushpress.com/taglist/pushpress-2bf10.html]
[www.pushpress.com/taglist/gym-management-software-f54e1.html]
[www.pushpress.com/taglist/opening-a-gym-a64d4.html]
[www.pushpress.com/taglist/pushpress-b6477.html]
[www.pushpress.com/taglist/opening-a-gym.html]
[www.pushpress.com/taglist/pushpress-core-5.html]
[www.pushpress.com/taglist/gym-reports-94586.html]
[www.pushpress.com/blog/_https_/cdn.prod.website-files.com/60359921321f8d62cd691da7/642d7f07bf456804c601aa0c_RewardBehaviorandPerformance_1adaf5a738902f81d0935a89097e5116_2000.html]
[www.pushpress.com/blog/pushpress-train-app-testimonial.html]
[www.pushpress.com/taglist/gym-revenue-3f3d2.html]
[www.pushpress.com/taglist/gym-challenge-c5d5c.html]
[www.pushpress.com/taglist/pushstart-webinar.html]
[www.pushpress.com/taglist/membership-pricing.html]
[www.pushpress.com/taglist/pricing-33.html]
[www.pushpress.com/blog/_https_/cdn.prod.website-files.com/60359921321f8d62cd691da7/654a510f372283433e0cf756_pushstart-by-pushpress-monetize_8108c469cccacecae9ff51a3d391ac08_2000.html]
[www.pushpress.com/blog/_https_/cdn.prod.website-files.com/60359921321f8d62cd691da7/6491b13f926f2d07abd30495_webinar-032023-fb_d03020ccfbaccb5ec782e3130123d111_2000.html]
[www.pushpress.com/taglist/gym-management-software-0.html]
[www.pushpress.com/book-v2be60.html]
[www.pushpress.com/taglist/krav-maga.html]
[www.pushpress.com/taglist/self-defense-gym.html]
[www.pushpress.com/blog/_https_/cdn.prod.website-files.com/60359921321f8d62cd691da7/658c3c0c88503bf96dda6b17_youth-fitness-program_c544f50bb489d05301428511f5524fa9_2000.html]
[www.pushpress.com/blog/_https_/cdn.prod.website-files.com/60359921321f8d62cd691da7/64aecac430a87ed7e7be8417_gym-membership-includes-community-and-accountability_cbccaa24b1d4751e0764c3aaacc93f5a_2000.5c5]
[www.pushpress.com/blog/gym-operations-manual.html]
[www.pushpress.com/taglist/gym-programming-c197c.html]
[www.pushpress.com/taglist/training-think-tank.html]
[www.pushpress.com/taglist/workout-programming-ff5f9.html]
[www.pushpress.com/blog/_https_/cdn.prod.website-files.com/60359921321f8d62cd691da7/674604d18148417b5c1876a7_at-fittestcreative-hyrox-39-bw_4a875812a3783e0dea5688476a291ce4_2000.html]
[www.pushpress.com/blog/its-finally-here-the-pushpress-merged-members-app.html]
[www.pushpress.com/taglist/pushpress-train-0.html]
[www.pushpress.com/taglist/member-experience-7.html]
[www.pushpress.com/taglist/performance-data.html]
[www.pushpress.com/taglist/workout-tracking-1.html]
[www.pushpress.com/blog/_https_/cdn.prod.website-files.com/60359921321f8d62cd691da7/6627bf021a8fce46dfe96a7d_ttt-on-pushpress-train_abba9e32b5fe307c6cc2bf56128a85ae_2000.html]
[www.pushpress.com/blog/_https_/cdn.prod.website-files.com/60359921321f8d62cd691da7/660c0f811a281c3fa3324f1c_ben-bergeron-and-cole-sager_3ce7b9155fafd533471880b85aba79bc_2000.html]
[www.pushpress.com/blog/five-ways-to-increase-gym-revenue-by-selling-supplements.html]
[www.pushpress.com/book-core.html]
[www.pushpress.com/taglist/selling-gym-memberships-d3fc7.html]
[www.pushpress.com/blog/protecting-your-gym-the-three-critical-parts-to-a-rock-solid-gym-waiver.html]
[www.pushpress.com/taglist/selling-a-gym.html]
[www.pushpress.com/taglist/legal-0ecf6.html]
[www.pushpress.com/taglist/operations-53735.html]
[www.pushpress.com/blog/_https_/cdn.prod.website-files.com/60359921321f8d62cd691da7/65a93d0e2db6bd6510679073_finding-gym-space_c52ba912b15196b49b53c6cb7531dea6_2000.html]
[www.pushpress.com/blog/_https_/cdn.prod.website-files.com/60359921321f8d62cd691da7/65538b91c74199ebbbf62f06_pushstart-by-pushpress-plug-in_893085911ba73e7c41b2ec4a5074ca32_2000.html]
[www.pushpress.com/blog/gym-owners-guide-to-rockin-the-customer-journey-part-3-purchase.html]
[www.pushpress.com/blog/gym-ownership-hiring-business-mentor.html]
[cdn.prod.website-files.com/60359921321f8d62cd691da7/6543ba891b9bdb94c32a3341_personalize-follow-up-with-at-risk-leads-to-increase-retention_80bab8920145ae762a053cfc73d205ef_2000.jpeg]
[www.pushpress.com/blog/why-your-gym-needs-crm]
[cdn.prod.website-files.com/60359921321f8d62cd691da7/64808da9893b839ff79782f1_personalize-follow-up-with-at-risk-leads-to-increase-retention_80bab8920145ae762a053cfc73d205ef_800.jpeg]
[www.pushpress.com/blog/pushpress-grow-revenue-driving-workflows]
[cdn.prod.website-files.com/60359921321f8d62cd691da7/672b84968d6ee5a92962ecb8_pushpress-grow-gym-crm_ea0d6bee82c40e077bb50aa1284e8dc1_800.jpeg]
[cdn.prod.website-files.com/60359921321f8d62cd691da7/64ad6080669add6384429b17_increase-gym-member-retention_33c0aa640d90dd62a5714b059647c9f8_800.jpeg]
[www.pushpress.com/taglist/automation-361fa]
[www.pushpress.com/taglist/gym-crm-d2799]
[www.pushpress.com/taglist/lead-nurture-06fef]
[cdn.prod.website-files.com/60359921321f8d62cd691da7/66606f7c36c6f99b5d0c8899_pushpress-grow-gym-crm_47862009ab5642db3c99aaa1ec6b1fff_2000.jpeg]
[cdn.prod.website-files.com/60359921321f8d62cd691da7/66606f7d36c6f99b5d0c8927_pushpress-grow-gym-crm_47862009ab5642db3c99aaa1ec6b1fff_800.jpeg]
[cdn.prod.website-files.com/60359921321f8d62cd691da7/6720ea8661020ebd8668dc1b_member-experience-for-gym-growth_e61849fa86c74724c0b9187168cf5640_800.jpeg]
[cdn.prod.website-files.com/60359921321f8d62cd691da7/6596c81277862b6c168eab56_email-marketing-and-automation_0d10f980d4020d1083f295ec94ca96ff_800.jpeg]
[cdn.prod.website-files.com/60359921321f8d62cd691da7/6722543aa1c8db10d1c5555c_new-pushpress-grow-workflows_4bd33f800614f03d9094d3012ae8ee92_2000.jpeg]
[www.pushpress.com/blog/gym-growth-hack-pushpress-grow-is-the-crm-every-gym-owner-needs]
[cdn.prod.website-files.com/60359921321f8d62cd691da7/6722543ba1c8db10d1c5561a_new-pushpress-grow-workflows_4bd33f800614f03d9094d3012ae8ee92_800.jpeg]
[cdn.prod.website-files.com/60359921321f8d62cd691da7/6722543ba1c8db10d1c5561d_goal-sessions-for-member-retention_600e3e7db09c7c746502212543d3af24_800.jpeg]
[cdn.prod.website-files.com/60359921321f8d62cd691da7/654cf415f5fd40d41506e864_pushpress-grow-content-library_41e259b059b59aa808f04c437d7ec4d0_2000.jpeg]
[cdn.prod.website-files.com/60359921321f8d62cd691da7/654cf417f5fd40d41506e9e1_pushpress-grow-content-library_41e259b059b59aa808f04c437d7ec4d0_800.jpeg]
[cdn.prod.website-files.com/60359921321f8d62cd691da7/64bfdc9c3a39a31f219dce2d_pushpress-integrations-and-partnerships_93b21f73b9fff0e175616ac605e58075_2000.jpeg]
[cdn.prod.website-files.com/60359921321f8d62cd691da7/651586fd0e0ce8018e293c4a_High-ticketgymservicestostartofferingtoday_c5414f505e495ab4c1be2bf3f34a5357_800.jpeg]
[www.pushpress.com/blog/five-steps-to-create-an-unforgettable-member-experience-for-your-gym]
[www.pushpress.com/taglist/pushpress-grow-2766f]
[www.pushpress.com/taglist/automation-1]
[www.pushpress.com/taglist/workflows]
[www.pushpress.com/taglist/content-library]
[cdn.prod.website-files.com/60359921321f8d62cd691da7/6441458eb07428c210fa3417_use-pushpress-grow-to-connect-with-leads-and-service-gym-members_16cc1d3727704fa248058575dd8b0e4c_2000.jpeg]
[cdn.prod.website-files.com/60359921321f8d62cd691da7/64414590b074287468fa3624_use-pushpress-grow-to-connect-with-leads-and-service-gym-members_16cc1d3727704fa248058575dd8b0e4c_800.jpeg]
[cdn.prod.website-files.com/60359921321f8d62cd691da7/64414590b07428dee0fa3634_personal-connect-drives-gym-revenue-and-retention_c5520558352c2a730fb9fecce8180ce2_800.jpeg]
[cdn.prod.website-files.com/60359921321f8d62cd691da7/63b590f8a48e6a07071c0770_budgetreview_fa54d3c5a7988aa9a079b79a0809351d_800.jpeg]
[www.pushpress.com/blog/crossfit-affiliate-revenue]
[cdn.prod.website-files.com/60359921321f8d62cd691da7/64414590b07428a164fa3633_MembershipPackages_26571ce54d75f461bbec3d532d7fca4e_800.jpeg]
[www.pushpress.com/taglist/gym-crm]
[www.pushpress.com/taglist/automation-e]
[www.pushpress.com/taglist/gym-marketing]
[www.pushpress.com/blog/crossfit-mission-statement]
[cdn.prod.website-files.com/60359921321f8d62cd691da7/642d7f08bf456866d501abd2_Helpthemwritethenextchapter_9dcb99e60ea71aaa62fd4134c3a66670_800.jpeg]
[www.pushpress.com/taglist/mission-statement-7d0cb]
[www.pushpress.com/blog/_https_/cdn.prod.website-files.com/60359921321f8d62cd691da7/65a7eb9280ac4527101c8f23_crossfit-classes-at-saddle-up-crossfit_e2cd6c3aa688850bcf45664bf0a15b88_2000.jpeg_]
[cdn.prod.website-files.com/60359921321f8d62cd691da7/64b0037d8f1256cfda5170d2_have-fun-and-get-members-results-when-coaching-classes_17607c65832ff4c62c4303fd346a2322_2000.jpeg]
[cdn.prod.website-files.com/60359921321f8d62cd691da7/64b0037e8f1256cfda5171f6_have-fun-and-get-members-results-when-coaching-classes_17607c65832ff4c62c4303fd346a2322_800.jpeg]
[cdn.prod.website-files.com/60359921321f8d62cd691da7/6390aab6a5635fa46c7d255b_WallBall_3511d2c32b01d0b7ec45f59c514b0d3e_800.jpeg]
[cdn.prod.website-files.com/60359921321f8d62cd691da7/63b2f18e500f9ba90dcd9fd3_Takecareoflong-termgymmembers_8fae1838203aefb9fac59df95019ad8e_800.jpeg]
[www.pushpress.com/taglist/coaching]
[www.pushpress.com/taglist/fitness-classes-1fd43]
[www.pushpress.com/blog/_https_/cdn.prod.website-files.com/60359921321f8d62cd691da7/651586fc0e0ce8018e293c18_HowYouMakeYourMembersFeel_405d53b0ab45442cbab97523a42d3c6a_2000.jpeg_]
[www.pushpress.com/blog/_https_/cdn.prod.website-files.com/60359921321f8d62cd691da7/64f8861c81719aa2d3718b24_greg-buck-with-crossfit-arioch-member_a3ff87d9c401608826457335c280e142_2000.jpeg_]
[cdn.prod.website-files.com/60359921321f8d62cd691da7/63dd219d91e20ad1d0b82694_CrossfitBlack_7b102b98b36926534746c4a8a623813b_2000.jpeg]
[www.pushpress.com/blog/tips-for-hiring-coaches]
[cdn.prod.website-files.com/60359921321f8d62cd691da7/63dd219e91e20a58cfb82771_Discusscoachinggoalsandmotivation_0ea4fc0ce19693b4f18fa3925c6eb6b1_800.jpeg]
[www.pushpress.com/blog/growing-gym-team-making-first-hire]
[cdn.prod.website-files.com/60359921321f8d62cd691da7/638f5936c485e77979008a2e_marketingtipsforyourgym_2330764be82aeac1dc7ba04bb78245a9_800.jpeg]
[www.pushpress.com/taglist/hiring-coaches]
[www.pushpress.com/taglist/crossfit-9]
[www.pushpress.com/blog/six-attributes-to-copy-from-highly-successful-crossfit-gyms]
[www.pushpress.com/blog/_https_/cdn.prod.website-files.com/60359921321f8d62cd691da7/62fba2fcc66d9ecc646ad0f9_6TraitsofaHighlySuccessfulCrossFitAffiliate_287fc33fdb44d159636ceda4521f989a_2000.jpeg_]
[cdn.prod.website-files.com/60359921321f8d62cd691da7/66f568ff9cf37bd346acbd7b_gathering-member-feedback_2198d16123895f5eada2768f42cc5f63_2000.jpeg]
[cdn.prod.website-files.com/60359921321f8d62cd691da7/66f568ff9cf37bd346acbe54_gathering-member-feedback_2198d16123895f5eada2768f42cc5f63_800.jpeg]
[cdn.prod.website-files.com/60359921321f8d62cd691da7/66f568ff9cf37bd346acbe57_exit-interview_1c0a3b295fc114c3d5ec633a0c6cf627_800.jpeg]
[cdn.prod.website-files.com/60359921321f8d62cd691da7/66f568ff9cf37bd346acbe50_group-class-at-kingman-crossfit_48fd07fbcba5e82cbccc503118746bb9_800.jpeg]
[www.pushpress.com/blog/gym-growth-blueprint-series-part-1-systems-policies-procedures]
[www.pushpress.com/taglist/member-feedback]
[www.pushpress.com/taglist/member-surveys-e6eb4]
[www.pushpress.com/taglist/gym-community-db02c]
[www.pushpress.com/blog/_https_/cdn.prod.website-files.com/60359921321f8d62cd691da7/6925e5aca5eb708658e97b2e_image (16]
[cdn.prod.website-files.com/60359921321f8d62cd691da7/66f2c5fe0413542ad8c5fe82_legendary-fitness-gym-community_240c0332e05a0c8fc90461edf9032c09_2000.jpeg]
[cdn.prod.website-files.com/60359921321f8d62cd691da7/66f2c5ff0413542ad8c60020_legendary-fitness-gym-community_240c0332e05a0c8fc90461edf9032c09_800.jpeg]
[cdn.prod.website-files.com/60359921321f8d62cd691da7/66f2c5ff0413542ad8c6001c_legendary-fitness-exterior-gym-signage_9071b6f24bcb69f0979f4320f83e84e6_800.jpeg]
[cdn.prod.website-files.com/60359921321f8d62cd691da7/66f2c5ff0413542ad8c60025_pushpress-class-scheduling_a383b6098b75ce1fb5dd379be1149a3f_800.jpeg]
[www.pushpress.com/taglist/client-success-story-a7e2a]
[cdn.prod.website-files.com/60359921321f8d62cd691da7/66ed917e7f596d8129f9813f_plus-ultra-gym-growth_c8ec3832bd929e66235f4e296a125a85_2000.jpeg]
[cdn.prod.website-files.com/60359921321f8d62cd691da7/66ed917f7f596d8129f98206_plus-ultra-gym-growth_c8ec3832bd929e66235f4e296a125a85_800.jpeg]
[cdn.prod.website-files.com/60359921321f8d62cd691da7/66ed917f7f596d8129f9820b_beyond-strength-endurance_1dbf75ab8ee1edb5a9d3d402847ecc5a_800.jpeg]
[cdn.prod.website-files.com/60359921321f8d62cd691da7/66ed917f7f596d8129f981f9_rock-steady-boxing-gym-community_d444375fefe631342220ba1b41ad28f7_800.jpeg]
[www.pushpress.com/taglist/operations-3ff31]
[www.pushpress.com/taglist/gym-owner-c1c5d]
[cdn.prod.website-files.com/60359921321f8d62cd691da7/674604d18148417b5c1876a7_at-fittestcreative-hyrox-39-bw_4a875812a3783e0dea5688476a291ce4_2000.jpeg]
[cdn.prod.website-files.com/60359921321f8d62cd691da7/674604d28148417b5c1876af_progrm-fb_fbabcbcecdb8224d125d54ca726117d7_800.jpeg]
[cdn.prod.website-files.com/60359921321f8d62cd691da7/674604d28148417b5c1876ab_at-fittestcreative-hyrox-39-bw_aed0c56cc4ee54e81bfb39118a6f30e8_800.jpeg]
[www.pushpress.com/taglist/hyrox]
[www.pushpress.com/taglist/the-progrm]
[www.pushpress.com/taglist/gym-competition-f2cda]
[cdn.prod.website-files.com/60359921321f8d62cd691da7/662a61fec7c06f938d73c8b4_rich-froning-crossfit-games-champion_66c18c9071072110a8d5dd8164bc819f_2000.jpeg]
[cdn.prod.website-files.com/60359921321f8d62cd691da7/662a61ffc7c06f938d73c9d9_rich-froning-crossfit-games-champion_66c18c9071072110a8d5dd8164bc819f_800.jpeg]
[cdn.prod.website-files.com/60359921321f8d62cd691da7/662a61ffc7c06f938d73c9d5_mayhem-gym-community_97814683e1c6c79e14c60dd83bbb2f30_800.jpeg]
[cdn.prod.website-files.com/60359921321f8d62cd691da7/660d610126a9b23cb2986fc9_coaching-crossfit-classes_6262c70c4d981ddc03ad6ce789107462_800.jpeg]
[www.pushpress.com/taglist/spring-training]
[www.pushpress.com/taglist/mayhem-affiliate]
[cdn.prod.website-files.com/60359921321f8d62cd691da7/660eb27be655a263ea42de91_jason-khalipa-ncfit-founder_6a23a72ee5e582d6e1e9f9a1f45c8bfd_2000.jpeg]
[cdn.prod.website-files.com/60359921321f8d62cd691da7/660eb27ce655a263ea42ded5_jason-khalipa-ncfit-founder_0bd517be5489a399e97f3488d4fce306_800.jpeg]
[cdn.prod.website-files.com/60359921321f8d62cd691da7/660eb27ce655a263ea42ded1_gym-programming-for-all-fitness-levels_a2feb8fdda51a5769b24fa43f8688b0f_800.jpeg]
[cdn.prod.website-files.com/60359921321f8d62cd691da7/660eb27ce655a263ea42decd_ncfit-gym-community_496ffecf2379941ca9353ae05d994519_800.jpeg]
[cdn.prod.website-files.com/60359921321f8d62cd691da7/6453ba77f5869747d301c8fc_tia-claire-toomey-prvn-fitness_922e249eb6030e851bb383f63960fb36_2000.jpeg]
[cdn.prod.website-files.com/60359921321f8d62cd691da7/6453ba77f586973cb801c8fe_tia-claire-toomey-prvn-fitness_922e249eb6030e851bb383f63960fb36_800.jpeg]
[cdn.prod.website-files.com/60359921321f8d62cd691da7/6453ba77f58697b6ce01c8ff_outsource-gym-programming-with-prvn_532ea8005266c9b0578fca6ed7b66d95_800.jpeg]
[www.pushpress.com/blog/provide-membership-value-to-improve-sales-and-retention]
[cdn.prod.website-files.com/60359921321f8d62cd691da7/6453ba77f5869763ac01c8fd_gym-programming-for-all-athlete-levels_afb303aa6cdc10d110220fa81c4239ba_800.jpeg]
[www.pushpress.com/taglist/gym-programming]
[www.pushpress.com/taglist/prvn-fitness]
[cdn.prod.website-files.com/60359921321f8d62cd691da7/677fe548bb898f9d6a0860db_crossfitcompetition_569b6114cc5d4c6ce76814b07c82d0f9_2000.jpeg]
[cdn.prod.website-files.com/60359921321f8d62cd691da7/63345378963e3f5e0afca6c9_CrossFitcompetition_82f2d0d6e02e1759bfd4c69165180f51_800.jpeg]
[www.pushpress.com/blog/increase-gym-member-retention]
[cdn.prod.website-files.com/60359921321f8d62cd691da7/63a07c878ea454c0eb8a1085_FitnessMarketing_9c25fa9ddedc709e65cc9a1cf139760e_800.jpeg]
[www.pushpress.com/taglist/gym-events-fcb63]
[www.pushpress.com/taglist/community-events-7ce23]
[cdn.prod.website-files.com/60359921321f8d62cd691da7/664ca90330630c7c68ef15b4_branded-gym-apparel_78958b1ed726bd4b7099709dfc6944c0_2000.jpeg]
[cdn.prod.website-files.com/60359921321f8d62cd691da7/664ca90430630c7c68ef164f_branded-gym-apparel_78958b1ed726bd4b7099709dfc6944c0_800.jpeg]
[www.pushpress.com/blog/how-to-ethically-sell-supplements-in-your-gym]
[cdn.prod.website-files.com/60359921321f8d62cd691da7/664ca90430630c7c68ef1653_rushmore-crossfit-branded-apparel_13cbf46a8f28430d5d1f02a474504286_800.jpeg]
[www.pushpress.com/book-v23fa2]
[cdn.prod.website-files.com/60359921321f8d62cd691da7/664ca90430630c7c68ef164b_breakaway-fitness-performance_f0f64e22a05a008e5ffbe8e44cb2f121_800.jpeg]
[www.pushpress.com/taglist/retail-sales]
[www.pushpress.com/taglist/gym-merchandise-8bb4d]
[www.pushpress.com/taglist/supplements-52509]
[cdn.prod.website-files.com/60359921321f8d62cd691da7/65c39b18b24c7be3cf95e1cb_HowtoRunTeamMeetingsforYourCrossFitAffiliateGymStaff_5524fed239dbdc3bd3a16bdbf5e1d0a0_2000.jpeg]
[cdn.prod.website-files.com/60359921321f8d62cd691da7/65c39b19b24c7be3cf95e23e_HowtoRunTeamMeetingsforYourCrossFitAffiliateGymStaff_5524fed239dbdc3bd3a16bdbf5e1d0a0_800.jpeg]
[cdn.prod.website-files.com/60359921321f8d62cd691da7/677fe25201c4f254bdeb80f9_calculating-cost-of-opening-a-gym_d7973d0194340394e758349f2a720da0_2000.jpeg]
[js.hsforms.net/forms/v2.js]
[www.pushpress.com/taglist/membership-pricing-110f0]
[www.pushpress.com/taglist/pricing-c8031]
[www.pushpress.com/taglist/price-increase-guide-368e8]
[www.pushpress.com/blog/_https_/cdn.prod.website-files.com/60359921321f8d62cd691da7/6697cea76e289d2bef227bff_increase-gym-revenue-with-apparel-sales_2b35588c2cb156f8cf9c5b9f5981f137_2000.jpeg_]
[cdn.prod.website-files.com/60359921321f8d62cd691da7/6447dcf7f475338d00ab21e6_increase-gym-revenue-with-pt-and-nutrition_511060629ee0ef3166b49f9a35d6f848_2000.jpeg]
[cdn.prod.website-files.com/60359921321f8d62cd691da7/6447dcf8f47533537dab231f_increase-gym-revenue-with-pt-and-nutrition_511060629ee0ef3166b49f9a35d6f848_800.jpeg]
[cdn.prod.website-files.com/60359921321f8d62cd691da7/6447dcf8f475335015ab231e_father-and-son-work-out-together-at-fit-stop_88623b34584fefb71c188c62baccb5dc_800.jpeg]
[www.pushpress.com/blog/booking-appointments-benefits-beyond-classes]
[www.pushpress.com/taglist/appointments]
[www.pushpress.com/taglist/gym-revenue]
[www.pushpress.com/taglist/revenue-e]
[cdn.prod.website-files.com/60359921321f8d62cd691da7/63b59148c46c2afbe62666ab_Negotiatingagymlease_9775d80571aea2b57a718534f5db2659_2000.jpeg]
[cdn.prod.website-files.com/60359921321f8d62cd691da7/63b59149c46c2a0eca266745_Negotiatingagymlease_9775d80571aea2b57a718534f5db2659_800.jpeg]
[cdn.prod.website-files.com/60359921321f8d62cd691da7/63b59149c46c2a9224266744_Gymspecificclausesinlease_49c85a8911430dabf0f072b1fcb22465_800.jpeg]
[www.pushpress.com/taglist/gym-lease]
[www.pushpress.com/taglist/gym-location]
[www.pushpress.com/blog/_https_/cdn.prod.website-files.com/60359921321f8d62cd691da7/6464de174ea9f076298a3d19_crossfitboxes_0514bbcbbca6750f5635063f7f582b93_2000.jpeg_]
[cdn.prod.website-files.com/60359921321f8d62cd691da7/66d07f06835a79f5292dc849_celebrate-community-with-the-crossfit-open_b82d2c9d95685c15340b53e83d383982_2000.jpeg]
[cdn.prod.website-files.com/60359921321f8d62cd691da7/66d07f07835a79f5292dc952_celebrate-community-with-the-crossfit-open_d20daf8009e7cb801c564d49276ba9c4_800.jpeg]
[cdn.prod.website-files.com/60359921321f8d62cd691da7/64e8b41f4bbfc6dad29dc435_coffee-shop-partnership_1703d42656da45394e7c401c355d80d8_800.jpeg]
[www.pushpress.com/taglist/partnerships-17084]
[www.pushpress.com/taglist/gym-partnership-03a8c]
[cdn.prod.website-files.com/60359921321f8d62cd691da7/64e8b41e4bbfc6dad29dc40f_gym-partnerships-drive-revenue-and-retention_270bbfb32cd37f4eac353c58fd635d18_2000.jpeg]
[cdn.prod.website-files.com/60359921321f8d62cd691da7/64e8b41f4bbfc6dad29dc431_gym-partnerships-drive-revenue-and-retention_270bbfb32cd37f4eac353c58fd635d18_800.jpeg]
[www.pushpress.com/blog/lasso-series-4-paid-gym-ads]
[cdn.prod.website-files.com/60359921321f8d62cd691da7/64e8b41f4bbfc6dad29dc43d_qr-code-cross-promotion_5bed14309ddff7367c75a7b6de359a49_800.jpeg]
[www.pushpress.com/blog/gym-newsletter]
[www.pushpress.com/taglist/gym-partnership-f268a]
[www.pushpress.com/taglist/gym-marketing-8]
[www.pushpress.com/taglist/partnerships]
[cdn.prod.website-files.com/60359921321f8d62cd691da7/677fde6131f008f52eb1d62b_formagympartnershiptodriverevenue_8330c8a60f1c7f5f96e3e15005791c84_2000.jpeg]
[cdn.prod.website-files.com/60359921321f8d62cd691da7/63becf0e114b697c89358e59_Formagympartnershiptodriverevenue_3797674f9d0827ad80810458dcfb14c7_800.jpeg]
[cdn.prod.website-files.com/60359921321f8d62cd691da7/63becf0d114b690b40358e35_Physicalormassagetherapy_ea03549b4d872dd09a309de8b9c968e0_800.jpeg]
[www.pushpress.com/blog/generating-revenue-renting-gym-space]
[cdn.prod.website-files.com/60359921321f8d62cd691da7/63becf0e114b69481c358e61_BrazilianJiuJitsupartnership_cd8cf8180f660ea570d5c6265e9457e1_800.jpeg]
[cdn.prod.website-files.com/60359921321f8d62cd691da7/63b5913aebc470ba3e5e571f_Encourageemotioniscustomerinterviews_6da2e2dea3b7c62470613a625fb8d6ab_2000.jpeg]
[cdn.prod.website-files.com/60359921321f8d62cd691da7/63934d8f682a1c10d9d09e80_Encourageemotioniscustomerinterviews_6da2e2dea3b7c62470613a625fb8d6ab_800.jpeg]
[www.pushpress.com/blog/crossfit-affiliate-brand-building]
[cdn.prod.website-files.com/60359921321f8d62cd691da7/63b5913bebc47072b25e5720_gymstaff_bed687b893123eacfa1c509721ba0d99_800.jpeg]
[cdn.prod.website-files.com/60359921321f8d62cd691da7/6384cd0c0f439150f98d0885_Settinggymmembershippricing_ba0adb33575138d5fa5ab8e65a6c07e1_800.jpeg]
[cdn.prod.website-files.com/60359921321f8d62cd691da7/63934d8f682a1c13b3d09e7f_Capturingcustomerfeedbackefficiently_31d6de0f8e454029339e26666e0d1219_800.jpeg]
[www.pushpress.com/taglist/gym-partnership]
[www.pushpress.com/blog/_https_/cdn.prod.website-files.com/60359921321f8d62cd691da7/64e8b41e4bbfc6dad29dc40f_gym-partnerships-drive-revenue-and-retention_270bbfb32cd37f4eac353c58fd635d18_2000.jpeg_]
[cdn.prod.website-files.com/60359921321f8d62cd691da7/63a471045d1ea5fae0e68574_buyerpersonas_3d13027753958f5c7d5046d53311c277_2000.jpeg]
[cdn.prod.website-files.com/60359921321f8d62cd691da7/6390aab6a5635f28df7d255c_buyerpersonas_3d13027753958f5c7d5046d53311c277_800.jpeg]
[cdn.prod.website-files.com/60359921321f8d62cd691da7/6372580f0f91605be619dcd6_Runningsuccessfulclasses_fcfb16d0c1a3a2c421ea36e7c895ad0e_800.jpeg]
[www.pushpress.com/gym-startup-guide]
[cdn.prod.website-files.com/60359921321f8d62cd691da7/644a9fa310bb170aeeee72f7_discounts-on-niche-gym-programs_da56c523bdab29666d55562aedfebc60_800.jpeg]
[www.pushpress.com/taglist/selling-gym-memberships]
[www.pushpress.com/blog/_https_/cdn.prod.website-files.com/60359921321f8d62cd691da7/65391f92c6b30870596384e8_selling-a-gym_529c35f338f8e42b92bd9b8066236af6_2000.jpeg_]
[cdn.prod.website-files.com/60359921321f8d62cd691da7/677fe593f0490b5373a719fa_budgetreview_de2c4442c71c11509300b62d85f74138_2000.jpeg]
[cdn.prod.website-files.com/60359921321f8d62cd691da7/63b590f8a48e6aa3281c0771_gymlighting_b4155af0fc41d46e346e71ccdde5e703_800.jpeg]
[www.pushpress.com/taglist/gym-metrics-d6443]
[www.pushpress.com/taglist/gym-startup-7c2cb]
[www.pushpress.com/taglist/gsg-2-0-ca91c]
[www.pushpress.com/taglist/gsg-how-to-build-8391b]
[cdn.prod.website-files.com/60359921321f8d62cd691da7/667acd7c740c4d9b31f59262_word-of-mouth-gym-marketing_ace10a1252bdb8cef728529258a10e2f_2000.jpeg]
[cdn.prod.website-files.com/60359921321f8d62cd691da7/667acd7d740c4d9b31f592fd_word-of-mouth-gym-marketing_ace10a1252bdb8cef728529258a10e2f_800.jpeg]
[www.pushpress.com/blog/how-to-level-up-your-gym-member-experience-with-qr-codes]
[cdn.prod.website-files.com/60359921321f8d62cd691da7/667acd7d740c4d9b31f59305_gymsocialmediastrategy_c5c7a88d08350601a26ad77b484d08fe_800.jpeg]
[cdn.prod.website-files.com/60359921321f8d62cd691da7/667acd7d740c4d9b31f59301_use-pushpress-grow-to-connect-with-leads-and-service-gym-members_a048d015705aab17cc2201a2a563a77f_800.jpeg]
[www.pushpress.com/taglist/referral-program-32e2b]
[cdn.prod.website-files.com/60359921321f8d62cd691da7/66a8f1fd55ae441fa2fac36d_digital-gym-marketing_39b320535e021f8d160f0686112cd579_2000.jpeg]
[cdn.prod.website-files.com/60359921321f8d62cd691da7/66a8f1fe55ae441fa2fac76a_digital-gym-marketing_39b320535e021f8d160f0686112cd579_800.jpeg]
[cdn.prod.website-files.com/60359921321f8d62cd691da7/6646117e10341fc209613d46_segment-email-audience_8c07e38aca57ded9e2debb14f0159e1d_800.jpeg]
[cdn.prod.website-files.com/60359921321f8d62cd691da7/66436e816ae17fa5298c75d4_creating-lead-magnets-for-gyms_334bde06336709c1ee689f4b596794d5_800.jpeg]
[www.pushpress.com/taglist/paid-gym-ads-01498]
[www.pushpress.com/taglist/sales-ba680]
[cdn.prod.website-files.com/60359921321f8d62cd691da7/6685597d3aa7e804c9ff8324_gym-owners-guide-to-building-awareness_26721d84d3b92988e87e55141a7e41d3_2000.jpeg]
[cdn.prod.website-files.com/60359921321f8d62cd691da7/6685597e3aa7e804c9ff83d1_gym-owners-guide-to-building-awareness_26721d84d3b92988e87e55141a7e41d3_800.jpeg]
[www.pushpress.com/taglist/lead-generation-6b564]
[cdn.prod.website-files.com/60359921321f8d62cd691da7/677fdc1612b0e7af3c07d199_screenshot-2024-12-10-at-41605-pm_bd97a4d6914e54ad22033958380397ee_2000.jpeg]
[cdn.prod.website-files.com/60359921321f8d62cd691da7/6758c14378577584fd0def56_screenshot-2024-12-10-at-41541-pm_aa1947ba051940c8ccbfd9e9d582c9c6_800.png]
[cdn.prod.website-files.com/60359921321f8d62cd691da7/6758c14278577584fd0dee66_screenshot-2024-12-10-at-41605-pm_d0bd21440ea9bc1332308430beb2bfa9_800.png]
[www.pushpress.com/taglist/client-story-7f4d4]
[cdn.prod.website-files.com/60359921321f8d62cd691da7/65708c8fa8256b615efd8768_group-classes-at-the-pitt-training-facility_5f5f586b9e1e0b237f3b26a2c532dbee_2000.jpeg]
[cdn.prod.website-files.com/60359921321f8d62cd691da7/65708c90a8256b615efd8848_group-classes-at-the-pitt-training-facility_5f5f586b9e1e0b237f3b26a2c532dbee_800.jpeg]
[cdn.prod.website-files.com/60359921321f8d62cd691da7/65708c90a8256b615efd8872_using-pushpress-at-the-pitt_df9e4ebedf980691cf5c7022194164ae_800.jpeg]
[www.pushpress.com/blog/got-leads-pushpress-grow-helps-you-play-and-win-the-long-game]
[cdn.prod.website-files.com/60359921321f8d62cd691da7/65708c90a8256b615efd884b_personal-training-clients_27780c16378de9d79748de5c89460755_800.jpeg]
[www.pushpress.com/taglist/client-success-story-ca7cc]
[www.pushpress.com/taglist/client-story-5]
[www.pushpress.com/blog/_https_/cdn.prod.website-files.com/60359921321f8d62cd691da7/677fdc1612b0e7af3c07d199_screenshot-2024-12-10-at-41605-pm_bd97a4d6914e54ad22033958380397ee_2000.jpeg_]
[cdn.prod.website-files.com/60359921321f8d62cd691da7/637ce40d2f40961357cf122e_JasoYule_2126da2066f115a53b954196e79078ed_2000.jpeg]
[cdn.prod.website-files.com/60359921321f8d62cd691da7/637ce40f2f40964032cf16a8_JasoYule_2126da2066f115a53b954196e79078ed_800.jpeg]
[cdn.prod.website-files.com/60359921321f8d62cd691da7/637ce40f2f4096ed6fcf16a1_CrossFitclassatHarborParkHealthandFitness_50ed24628ee3d40d716a85aa368c286a_800.jpeg]
[cdn.prod.website-files.com/60359921321f8d62cd691da7/637ce40f2f40965570cf16a9_IndividualCoachingatHarborPark_62b08ed0d6705d795f4b44bd89038790_800.jpeg]
[www.pushpress.com/taglist/marketing-9]
[www.pushpress.com/taglist/sales]
[www.pushpress.com/taglist/high-ticket-gym-sales]
[cdn.prod.website-files.com/60359921321f8d62cd691da7/663cd6fca6dee45fa3bf47e6_tell-member-stories-on-gym-social-media_2bb2470e5887ea3eee2d70116ac2b7a0_2000.jpeg]
[cdn.prod.website-files.com/60359921321f8d62cd691da7/663cd6fda6dee45fa3bf4884_tell-member-stories-on-gym-social-media_2bb2470e5887ea3eee2d70116ac2b7a0_800.jpeg]
[cdn.prod.website-files.com/60359921321f8d62cd691da7/663cd6fda6dee45fa3bf48b4_member-feature-from-crossfit-845_e74dd8ab065ba1f69b1606e7f86ae32e_800.jpeg]
[www.pushpress.com/blog/highlighting-gym-members-stories]
[www.pushpress.com/taglist/gym-social-media-2c9d2]
[www.pushpress.com/taglist/social-media-f07dd]
[www.pushpress.com/blog/_https_/cdn.prod.website-files.com/60359921321f8d62cd691da7/672a3672545e00e2b7cf0cc4_automating-gym-social-media_6e90914dc1a1a9fca0d5dce49eb87508_2000.jpeg_]
[cdn.prod.website-files.com/60359921321f8d62cd691da7/652559222fb6e904718e8515_social-media-influencers-can-grow-your-gym_2c18b5627b2d9cf90addd5f4134d413c_2000.jpeg]
[cdn.prod.website-files.com/60359921321f8d62cd691da7/652559252fb6e904718e8911_social-media-influencers-can-grow-your-gym_2c18b5627b2d9cf90addd5f4134d413c_800.jpeg]
[cdn.prod.website-files.com/60359921321f8d62cd691da7/64f8861d81719aa2d3718bc8_happy-members-increase-member-retention_557bc4cc61157280859522c7c55f2733_800.jpeg]
[cdn.prod.website-files.com/60359921321f8d62cd691da7/6435680205a63810e9691780_gymexperience_dca779e22bc2129bbfc8c35460bca4ba_800.jpeg]
[cdn.prod.website-files.com/60359921321f8d62cd691da7/652559252fb6e904718e8914_social-media-marketing_5715477a4fb717e9c9c78f06c4bd958d_800.jpeg]
[www.pushpress.com/taglist/attract-members-90fb5]
[www.pushpress.com/blog/_https_/cdn.prod.website-files.com/60359921321f8d62cd691da7/663cd6fca6dee45fa3bf47e6_tell-member-stories-on-gym-social-media_2bb2470e5887ea3eee2d70116ac2b7a0_2000.jpeg_]
[cdn.prod.website-files.com/60359921321f8d62cd691da7/66bb6700d3976dc309b78d69_committed-club-for-member-retention_2d7751d948e54365d10b5d3c4dadbf50_2000.jpeg]
[cdn.prod.website-files.com/60359921321f8d62cd691da7/66bb6700d3976dc309b78dce_committed-club-for-member-retention_2d7751d948e54365d10b5d3c4dadbf50_800.jpeg]
[cdn.prod.website-files.com/60359921321f8d62cd691da7/66bb6700d3976dc309b78dfd_cryptid-crossfit-group-class-workout_f77dc0026e038b4c2f8acbbdea4206e7_800.jpeg]
[www.pushpress.com/blog/four-reasons-pushpress-grow-is-the-ultimate-tool-for-your-gym]
[cdn.prod.website-files.com/60359921321f8d62cd691da7/66bb6700d3976dc309b78df6_cryptid-crossfit-gym-community_1fa5ab623c5e8c7cb395e5590ac0b1b2_800.jpeg]
[www.pushpress.com/taglist/gym-metrics-b08bd]
[cdn.prod.website-files.com/60359921321f8d62cd691da7/64a2d47e00425ea28ca6b02a_fun-challenges-for-your-gym-community_fdf317040253ab82b244a0f872b6a25a_2000.jpeg]
[cdn.prod.website-files.com/60359921321f8d62cd691da7/63d1441b38cf62d48a2b1b8b_memberretention_3639a1a75ed23bce4c2a710e176c18bf_2000.jpeg]
[cdn.prod.website-files.com/60359921321f8d62cd691da7/63bd7d983433c94288d9f374_memberretention_3639a1a75ed23bce4c2a710e176c18bf_800.jpeg]
[cdn.prod.website-files.com/60359921321f8d62cd691da7/63d1441c38cf62278b2b1c2b_gymmerchandise_ab35fb83bbecadb9adfb441e81221314_800.jpeg]
[www.pushpress.com/taglist/gym-retention]
[www.pushpress.com/start-a-gym/GET]
[www.pushpress.com/start-a-gym/button.href, window.location.origin]
[cdn.jsdelivr.net/npm/@finsweet/attributes-cmsprevnext@1/cmsprevnext.js]
[cdn.prod.website-files.com/60359921321f8d62cd691da7/6682370e29aebf634e5d7c87_website.jpeg]
[cdn.prod.website-files.com/60359921321f8d62cd691da7/6388cb7ca3defba756220f70_Designapowerfulgymwebsite_f5dc4b0d72fa14f2e4c86d0b2d97c8dc_800.jpeg]
[cdn.prod.website-files.com/60359921321f8d62cd691da7/636e638b810c274252b02757_Gymmembermanagement_f0b642b5d2f8be70e543876c5a037fba_800.jpeg]
[www.pushpress.com/start-a-gym/the-how-to-guide-for-doing-market-research]
[www.pushpress.com/start-a-gym/building-a-brand-thats-powerful-and-high-performing]
[www.pushpress.com/start-a-gym/the-essential-elements-of-a-gym-marketing-plan]
[www.pushpress.com/start-a-gym/the-dos-and-donts-of-membership-discounts]
[www.pushpress.com/start-a-gym/ten-profit-hacks-to-increase-gym-revenue-when-starting-a-gym]
[www.pushpress.com/start-a-gym/tips-for-successfully-starting-a-crossfit-gym]
[www.pushpress.com/start-a-gym/management-made-easy-with-pushpress-free]
[www.pushpress.com/start-a-gym/understanding-and-tracking-important-gym-metrics]
[www.pushpress.com/start-a-gym/the-four-legal-steps-that-shouldnt-be-overlooked]
[www.pushpress.com/start-a-gym/tips-for-hiring-coaches]
[www.pushpress.com/start-a-gym/build-a-stronger-gym-community]
[www.pushpress.com/start-a-gym/the-secret-to-selling-gym-memberships]
[www.pushpress.com/start-a-gym/improving-your-gym-social-media]
[www.pushpress.com/start-a-gym/improving-search-engine-optimization-for-your-gym]
[www.pushpress.com/start-a-gym/how-to-generate-leads-increase-gym-revenue]
[www.pushpress.com/start-a-gym/creating-an-unforgettable-member-experience-for-your-gym]
[www.pushpress.com/start-a-gym/what-you-need-to-know-about-rebranding-your-gym]
[www.pushpress.com/start-a-gym/how-to-increase-gym-membership-prices]
[www.pushpress.com/start-a-gym/adding-automations-to-streamline-growth]
[www.pushpress.com/start-a-gym/window.location.href]
[cdn.prod.website-files.com/60359921321f8d62cd691da7/613a34f52ebb360a722bc167_StacyKim.png]
[cdn.prod.website-files.com/60359921321f8d62cd691da7/63513944c465daa7b9453e2c_3fd84df1-fd49-48b8-bbcc-d99bcc80763c.jpeg]
[cdn.prod.website-files.com/60359921321f8d62cd691da7/62f26dc653e68c80ddd33ec8_unsplash-image_52c8e9de670ec12dea74b20f5130e224_800.jpeg]
[www.pushpress.com/blog/3-tatctics-to-increase-member-retention]
[www.pushpress.com/taglist/operations]
[www.pushpress.com/taglist/member-experience]
[www.pushpress.com/taglist/customer-retention]
[www.pushpress.com/taglist/trial-program]
[www.pushpress.com/blog/_https_/cdn.prod.website-files.com/60359921321f8d62cd691da7/613a34f52ebb360a722bc167_StacyKim.png_]
[www.pushpress.com/taglist/_https_/cdn.prod.website-files.com/60359921321f8d62cd691da7/697256f51f75328ca2b82a29_Blog Hero Images.png_]
[www.pushpress.com/taglist/_https_/cdn.prod.website-files.com/60359921321f8d62cd691da7/695d5ccf2bb840c96d73c094_Blog Hero Images.png_]
[www.pushpress.com/taglist/_https_/cdn.prod.website-files.com/60359921321f8d62cd691da7/6943242e150bc5146f3891d0_12.17_BlogCover_YiRMembersApp.png_]
[www.pushpress.com/taglist/_https_/cdn.prod.website-files.com/60359921321f8d62cd691da7/6966b90d677de118174dc92a_Blog Hero Images.png_]
[www.pushpress.com/taglist/_https_/cdn.prod.website-files.com/60359921321f8d62cd691da7/677d5411e863627536880610_a7s04601_fa5cfdfd8f9326c3b30c73ec9e2e980f_2000.jpeg_]
[www.pushpress.com/taglist/_https_/cdn.prod.website-files.com/60359921321f8d62cd691da7/672b84958d6ee5a92962ebd5_gym-onboarding-process_c4bc449ffca1034a9f13dcce21dfc443_2000.jpeg_]
[www.pushpress.com/taglist/_https_/cdn.prod.website-files.com/60359921321f8d62cd691da7/677fe52ff12272eba0a4583b_pushpress-members-app-workout-tracking_4e64ad8dc6790697bc25ae2b967a0eb4_2000.jpeg_]
[www.pushpress.com/taglist/_https_/cdn.prod.website-files.com/60359921321f8d62cd691da7/677fe593f0490b5373a719fa_budgetreview_de2c4442c71c11509300b62d85f74138_2000.jpeg_]
[www.pushpress.com/taglist/_https_/cdn.prod.website-files.com/60359921321f8d62cd691da7/677fe26e6c127c8cf5f25185_gymemployees_31695c7b4b02e7128ad873cccb5efc85_2000.jpeg_]
[www.pushpress.com/taglist/_https_/cdn.prod.website-files.com/60359921321f8d62cd691da7/677fe4ecc7a61153e89b4c61_gymmembercheck-ins_869d1f8a1d7fa92acfb048d92f1fa809_2000.jpeg_]
[www.pushpress.com/blog/gym-technology-options]
[www.pushpress.com/taglist/_https_/cdn.prod.website-files.com/60359921321f8d62cd691da7/637b928e2a852b85e3678db6_Usinggymtechnologyforresults_7cc3520058db6e78091f16e4547fd5ae_2000.jpeg_]
[www.pushpress.com/blog/five-ways-pushpress-grow-helps-the-gym-owner-and-the-client]
[www.pushpress.com/taglist/_https_/cdn.prod.website-files.com/60359921321f8d62cd691da7/6262a16b5ca062fc5e150a12_TheTrainMemberAppIsBetterThanEver500300px_ed8342c50075ee797a82079b8db93bf6_2000.jpeg_]
[www.pushpress.com/podcast-v1/GET]
[www.pushpress.com/podcast-v1/button.href, window.location.origin]
[cdn.prod.website-files.com/60359921321f8d62cd691da7/60359921321f8d2113691fae_79863192_3092334884115167_6883756608870940672_o.jpg]
[www.pushpress.com/signup/register]
[www.pushpress.com/podcast-v1/sure-fire-tactics-to-help-you-convert-engage-and-retain-your-clients-with-mike-wuest-uplaunch]
[www.pushpress.com/podcast-v1/_https_/cdn.prod.website-files.com/60359921321f8d62cd691da7/605aa2c6706f042f204f687e_Wuest.jpg_]
[www.pushpress.com/podcast-v1/how-to-leverage-technology-to-buy-back-your-time-with-jacob-heppner-ignite]
[www.pushpress.com/podcast-v1/_https_/cdn.prod.website-files.com/60359921321f8d62cd691da7/60561ce6045cfcc8d707c910_Heppner.jpg_]
[www.pushpress.com/podcast-v1/window.location.href]
[cdn.prod.website-files.com/60359921321f8d5992691da6/64070b3826ccfe956f43a803_image 11.png]
[cdn.prod.website-files.com/60359921321f8d5992691da6/64070a18b8fd3f66551fcc64_Image (1).png]
[cdn.prod.website-files.com/60359921321f8d5992691da6/640a08d5c9ef71d8d4f65fcd_People-01 (1).gif]
[cdn.prod.website-files.com/60359921321f8d5992691da6/640a08d571813f0f6ae285e6_Chat-01 (1).gif]
[cdn.prod.website-files.com/60359921321f8d5992691da6/640a08d4dd7e10b2c914b861_Check-in-01 (1).gif]
[cdn.prod.website-files.com/60359921321f8d5992691da6/6412f0dbae08c3379914c9c8_staff app-ipad (2) (1).png]
[cdn.prod.website-files.com/60359921321f8d5992691da6/js/pushpress-staging.018bf60f.6a4154b8ba5c7d8e.js]
[cdn.prod.website-files.com/60359921321f8d62cd691da7/67e5895468ec234a338e3e6c_screenshot-2025-03-27-at-101038-am_22b32e9800b8ff0c5ab0c3034684f661_2000.jpeg]
[www.pushpress.com/taglist/pushpress-core-2c363]
[www.pushpress.com/blog/_https_/cdn.prod.website-files.com/60359921321f8d62cd691da7/67e5895468ec234a338e3e6c_screenshot-2025-03-27-at-101038-am_22b32e9800b8ff0c5ab0c3034684f661_2000.jpeg_]
[www.pushpress.com/_https_/cdn.prod.website-files.com/60359921321f8d62cd691da7/673610a27026b8817a63ba5f_pushpress2020photos-24-2_c6d68ed860d5cc2286702c5cca0c1413_2000.jpeg_]
[www.pushpress.com/_https_/cdn.prod.website-files.com/60359921321f8d62cd691da7/66606f7c36c6f99b5d0c8899_pushpress-grow-gym-crm_47862009ab5642db3c99aaa1ec6b1fff_2000.jpeg_]
[www.pushpress.com/_https_/cdn.prod.website-files.com/60359921321f8d62cd691da7/672e279a58b746d4ad686a4e_james-sprague_0bcbb135a09712efb7cb46666a38632d_2000.jpeg_]
[www.pushpress.com/_https_/cdn.prod.website-files.com/60359921321f8d62cd691da7/672b84958d6ee5a92962ebd5_gym-onboarding-process_c4bc449ffca1034a9f13dcce21dfc443_2000.jpeg_]
[www.pushpress.com/_https_/cdn.prod.website-files.com/60359921321f8d62cd691da7/672a3672545e00e2b7cf0cc4_automating-gym-social-media_6e90914dc1a1a9fca0d5dce49eb87508_2000.jpeg_]
[www.pushpress.com/_https_/cdn.prod.website-files.com/60359921321f8d62cd691da7/656f3b0df05efa0de4ef2771_discuss-important-topics-with-members-in-a-town-hall-setting_d3cf902c493cf04d36906df4e47e67e5_2000]
[www.pushpress.com/_https_/cdn.prod.website-files.com/60359921321f8d62cd691da7/6722543aa1c8db10d1c5555c_new-pushpress-grow-workflows_4bd33f800614f03d9094d3012ae8ee92_2000.jpeg_]
[www.pushpress.com/_https_/cdn.prod.website-files.com/60359921321f8d62cd691da7/6720ea8561020ebd8668dbdc_pushpress-gym-management-software_9c68418e1e082fe35a292dab5601277d_2000.jpeg_]
[www.pushpress.com/_https_/cdn.prod.website-files.com/60359921321f8d62cd691da7/67111886e192e32c28319f67_crossfit-group-class_f1ed12b5f38dc38c20a0811f4e125dde_2000.jpeg_]
[www.pushpress.com/_https_/cdn.prod.website-files.com/60359921321f8d62cd691da7/670e75b4f9c63c768dec0e7b_setting-boundaries-for-gym-growth_90d14366573a0982572a1bfd7bb2cd3e_2000.jpeg_]
[www.pushpress.com/_https_/cdn.prod.website-files.com/60359921321f8d62cd691da7/6707fd8e8b28f2e08c79a3ef_bold-city-crossfit-gym-community_5628167dfeffde7b150dabb32560d133_2000.jpeg_]
[www.pushpress.com/blog/how-switching-to-pushpress-saves-gym-owner-time]
[www.pushpress.com/_https_/cdn.prod.website-files.com/60359921321f8d62cd691da7/67053b26d585c840e8f3d567_group-class-at-crossfit-obsession_6633a5ad325dccf6054ad26138a57f34_2000.jpeg_]
[www.pushpress.com/_https_/cdn.prod.website-files.com/60359921321f8d62cd691da7/66fc00a637048fdf64309108_ks-athletic-club-gym-halloween_ffcfef09cdfe7fb69ffa26e3856216e4_2000.jpeg_]
[www.pushpress.com/_https_/cdn.prod.website-files.com/60359921321f8d62cd691da7/66f568ff9cf37bd346acbd7b_gathering-member-feedback_2198d16123895f5eada2768f42cc5f63_2000.jpeg_]
[www.pushpress.com/_https_/cdn.prod.website-files.com/60359921321f8d62cd691da7/66f2c5fe0413542ad8c5fe82_legendary-fitness-gym-community_240c0332e05a0c8fc90461edf9032c09_2000.jpeg_]
[www.pushpress.com/_https_/cdn.prod.website-files.com/60359921321f8d62cd691da7/66ed917e7f596d8129f9813f_plus-ultra-gym-growth_c8ec3832bd929e66235f4e296a125a85_2000.jpeg_]
[www.pushpress.com/_https_/cdn.prod.website-files.com/60359921321f8d62cd691da7/66e98b7962184d4edb70bd63_crossfit-exalted-gym-community_2d232cfe0cb40b7bd3da45fe5a2e648a_2000.jpeg_]
[www.pushpress.com/_https_/cdn.prod.website-files.com/60359921321f8d62cd691da7/66e2f3ffd72d1f3b15b5e7fd_essential-crossfit_1ce911de495c69650d03d9a4d46af9a1_2000.jpeg_]
[www.pushpress.com/blog/how-pushpress-helps-manage-gym-and-non-profit]
[www.pushpress.com/_https_/cdn.prod.website-files.com/60359921321f8d62cd691da7/66e0510270136189fd019174_crossfit-orillia-gym-community_968a1f87cb2953a4c980ab0237e29d41_2000.jpeg_]
[www.pushpress.com/bloga00e]
[cdn.prod.website-files.com/60359921321f8d62cd691da7/68a61d9da342182c375870f1_Staff App Chat.gif]
[cdn.prod.website-files.com/60359921321f8d62cd691da7/68a77d6f255d85e82c9abaec_icon-chat.png]
[cdn.prod.website-files.com/60359921321f8d62cd691da7/68a77d795230e3cfa5949c4c_Icon-smile.png]
[cdn.prod.website-files.com/60359921321f8d62cd691da7/68a6a496547e4bf3c7a643e7_icon-zap fast.png]
[cdn.prod.website-files.com/60359921321f8d62cd691da7/68a63b1980fe2c6571648589_24 Hour Access.png]
[cdn.prod.website-files.com/60359921321f8d62cd691da7/677fe4ecc7a61153e89b4c61_gymmembercheck-ins_869d1f8a1d7fa92acfb048d92f1fa809_2000.jpeg]
[cdn.prod.website-files.com/60359921321f8d62cd691da7/635fd5025b46f9ad7319760b_Createoffersforcurrentmembers_c9d6357910cc9fb87c23b58fa4dde8ab_800.jpeg]
[cdn.prod.website-files.com/60359921321f8d62cd691da7/637f870b8ecad88bb95ff5d0_StaffAppinKioskMode_ef5b5d5803b714f0eaef9df15d8aabec_800.jpeg]
[cdn.prod.website-files.com/60359921321f8d62cd691da7/637f870b8ecad82a345ff5f3_PushPressScreensApp_d0bcc5de804677a308b1a1c867623e8d_800.png]
[www.pushpress.com/taglist/operations-b6b3f]
[www.pushpress.com/taglist/gym-reports-5c91d]
[cdn.prod.website-files.com/60359921321f8d62cd691da7/677fe26e6c127c8cf5f25185_gymemployees_31695c7b4b02e7128ad873cccb5efc85_2000.jpeg]
[cdn.prod.website-files.com/60359921321f8d62cd691da7/63861e9089aea120cd250eaa_Onboardingnewgymmembers_0bf25cfe14f2f69197503da9aeda7878_800.png]
[www.pushpress.com/blog/long-term-clients-member-retention-tips-from-the-pros]
[cdn.prod.website-files.com/60359921321f8d62cd691da7/63861e8e89aea1f772250c31_Motivatemembersduringintialmembership_bd0d69140ec29bccccf959b700da91f6_800.png]
[cdn.prod.website-files.com/60359921321f8d62cd691da7/63861e8f89aea15344250e89_Providegyminfoandanswerquestions_b08e41dc357b529137bdf127a0d65e43_800.png]
[www.pushpress.com/taglist/attract-members-b7b64]
[www.pushpress.com/taglist/gsg-how-to-grow-b3f08]
[cdn.prod.website-files.com/60359921321f8d62cd691da7/63d92d13a4372f008c53fb30_Hiringcoacheswithleadershipskills_babb052fd8240ffe7d9bec00ee649c2a_2000.png]
[cdn.prod.website-files.com/60359921321f8d62cd691da7/635be07b7ee8ffd1e97d211f_Hiringcoacheswithleadershipskills_babb052fd8240ffe7d9bec00ee649c2a_800.png]
[www.pushpress.com/blog/gym-owners-escaping-overwhelm-avoiding-burnout]
[cdn.prod.website-files.com/60359921321f8d62cd691da7/635be07d7ee8ff433b7d2120_Coachingmembers_7754e68e5e1c53e09e1dc363e154e8f1_800.png]
[www.pushpress.com/taglist/onboarding]
[www.pushpress.com/taglist/personal-training-2]
[www.pushpress.com/blog/_https_/cdn.prod.website-files.com/60359921321f8d62cd691da7/64ef4ba661ebe7d66c9b1ddf_be-professional-when-meeting-leads-for-appointments_22047a7c57aa4551ca891d660065cb53_2000.758]
[www.pushpress.com/taglist/_https_/cdn.prod.website-files.com/60359921321f8d62cd691da7/677fdc3ac58e3059585454bc_a7s02221_db65decbcb2446bee3d947ae8440650c_2000.jpeg_]
[www.pushpress.com/taglist/_https_/cdn.prod.website-files.com/60359921321f8d62cd691da7/673f4b258a434e9cb224652c_pushpress2020photos-9_74c7737f3e604c55ecf23df19a89378c_2000.jpeg_]
[www.pushpress.com/taglist/_https_/cdn.prod.website-files.com/60359921321f8d62cd691da7/673610a27026b8817a63ba5f_pushpress2020photos-24-2_c6d68ed860d5cc2286702c5cca0c1413_2000.jpeg_]
[cdn.prod.website-files.com/60359921321f8d62cd691da7/677fe150aaa09037cf32ec1d_crossfitequipment_fe475ff67e7053b84526a411a70c55e4_2000.jpeg]
[cdn.prod.website-files.com/60359921321f8d62cd691da7/63bc2c119ac54018f552e8af_crossfitequipment_66fa5332eb2b81a902977825be3b5208_800.jpeg]
[www.pushpress.com/taglist/high-ticket-gym-sales-884d4]
[www.pushpress.com/taglist/sales-38c5a]
[cdn.prod.website-files.com/60359921321f8d5992691da6/6596af60766aa0acf80fee88_icon-2.png]
[cdn.prod.website-files.com/60359921321f8d5992691da6/6596af8b3239f529d93f7fd9_Icon-3.png]
[cdn.prod.website-files.com/60359921321f8d5992691da6/6596b09090b19dadea5ebc6a_icon-4.png]
[cdn.prod.website-files.com/60359921321f8d5992691da6/6576814c5b5fa099c4c28374_e8695d3282c2d408c685865c7586b3e4.png]
[cdn.prod.website-files.com/60359921321f8d5992691da6/65767b24aef5e26e51889762_c55304aa43c254b03bbcc984a6d893f8.png]
[www.pushpress.com/blog/what-is-the-monthly-cost-of-running-a-successful-gym]
[cdn.prod.website-files.com/60359921321f8d62cd691da7/677fe394dd39ace328cc38d4_pushpress-improves-gym-member-experience_fad751d0ab8f7fe31c9529564800b0c0_2000.jpeg]
[cdn.prod.website-files.com/60359921321f8d62cd691da7/65e09c08f0fd9dbc3ef2714a_pushpress-improves-gym-member-experience_c1c1581799ca85ea373ef23daf3df4a4_800.jpeg]
[cdn.prod.website-files.com/60359921321f8d62cd691da7/65e09c08f0fd9dbc3ef27152_crossfit-high-bar-gym-community_a0fd89ea7eaf3ed2317ffbaa39a1803d_800.jpeg]
[www.pushpress.com/blog/the-pushpress-staff-app-why-your-gym-needs-this-powerful-tool]
[cdn.prod.website-files.com/60359921321f8d62cd691da7/65e09c08f0fd9dbc3ef27143_crossfit-onramp-program_7bf8f939acbf362a4d4d9793d0e6a7e8_800.jpeg]
[www.pushpress.com/taglist/pushpress-28f93]
[cdn.prod.website-files.com/60359921321f8d62cd691da7/63cea10b9736a027362f6dee_gympossolution_a0836a7b5004f2d08aa54df728cada9f_2000.jpeg]
[cdn.prod.website-files.com/60359921321f8d62cd691da7/63cea10c9736a01e352f6f87_gympossolution_a0836a7b5004f2d08aa54df728cada9f_800.jpeg]
[cdn.prod.website-files.com/60359921321f8d62cd691da7/634d5ffba542552d7700300b_Gymcommunityevents_de9be8de38f327d366caff7630191d65_800.jpeg]
[cdn.prod.website-files.com/60359921321f8d62cd691da7/63a31f88fe9d2956cf822d8f_FitnessBusiness_31053ef30a14779649e143d2e18771a5_800.jpeg]
[www.pushpress.com/taglist/gym-merchandise]
[www.pushpress.com/taglist/sales-4]
[www.pushpress.com/taglist/revenue-3]
[cdn.prod.website-files.com/60359921321f8d62cd691da7/641b0a00496c1a53ee5dd041_how-pushpress-helped-gym-growth_f34d318b9efda82bc2f097223f7b8c60_2000.jpeg]
[cdn.prod.website-files.com/60359921321f8d62cd691da7/641b0a00496c1a1d045dd0d5_how-pushpress-helped-gym-growth_f34d318b9efda82bc2f097223f7b8c60_800.jpeg]
[cdn.prod.website-files.com/60359921321f8d62cd691da7/641b0a00496c1a8c725dd0d7_healthy-steps-nutrition-challenge_3eec92a1ec72d08a37ba3ef471373fce_800.jpeg]
[cdn.prod.website-files.com/60359921321f8d62cd691da7/677fe57a8cc91263cbf548b8_memberrevenue_2e9f190372cb911878b34c02ce9f4721_2000.jpeg]
[www.pushpress.com/taglist/marketing-tips-0dc9f]
[www.pushpress.com/taglist/how-to-grow-your-gym-fe094]
[cdn.prod.website-files.com/60359921321f8d62cd691da7/677fdf705f00635247abfb91_gympersonas_641701bba423b5e23ac702d1d3498d39_2000.jpeg]
[cdn.prod.website-files.com/60359921321f8d62cd691da7/63a31f88fe9d292953822d90_gympersonas_12807f056a7953c235e8b0f432ce1a88_800.jpeg]
[cdn.prod.website-files.com/60359921321f8d62cd691da7/63a31f88fe9d295185822d91_ReferralPrograms_0ca07dc1c58a9d78b53e75da9e6f7568_800.jpeg]
[www.pushpress.com/taglist/ways-to-grow-your-gym-3dfe7]
[www.pushpress.com/blog/_https_/cdn.prod.website-files.com/60359921321f8d62cd691da7/677fdc3ac58e3059585454bc_a7s02221_db65decbcb2446bee3d947ae8440650c_2000.jpeg_]
[cdn.prod.website-files.com/60359921321f8d62cd691da7/63326571eddf6c5ab56571c0_Screen Shot 2022-09-26 at 9.52.28 PM.png]
[cdn.prod.website-files.com/60359921321f8d62cd691da7/63345377963e3f03cdfca3f7_CoreValuesinCrossfit_9cc44f0340538463a6709d1ebbbc1ab7_2000.jpeg]
[cdn.prod.website-files.com/60359921321f8d62cd691da7/63345378963e3feeb1fca6b3_lass9_1e29d8be10ac5d9f2192cfd1f81fe8c7_800.jpeg]
[www.pushpress.com/blog/your-brand-matters-why-you-need-a-branded-member-app]
[cdn.prod.website-files.com/60359921321f8d62cd691da7/63345378963e3f5adffca710_Buildastronggymcommunity_81a6a44f3d80c4f3d23d973746f0402d_800.jpeg]
[www.pushpress.com/taglist/community-c]
[www.pushpress.com/taglist/member-experience-9]
[www.pushpress.com/taglist/customer-retention-4]
[www.pushpress.com/taglist/community-events-3]
[www.pushpress.com/taglist/gsg-how-to-build]
[www.pushpress.com/blog/_https_/cdn.prod.website-files.com/60359921321f8d62cd691da7/63326571eddf6c5ab56571c0_Screen Shot 2022-09-26 at 9.52.28 PM.png_]
[www.pushpress.com/taglist/gym-growth-26789a55c]
[www.pushpress.com/taglist/_https_/cdn.prod.website-files.com/60359921321f8d62cd691da7/656f3b0df05efa0de4ef2771_discuss-important-topics-with-members-in-a-town-hall-setting_d3cf902c493cf04d36906df4e47e67]
[www.pushpress.com/taglist/_https_/cdn.prod.website-files.com/60359921321f8d62cd691da7/6722543aa1c8db10d1c5555c_new-pushpress-grow-workflows_4bd33f800614f03d9094d3012ae8ee92_2000.jpeg_]
[www.pushpress.com/taglist/_https_/cdn.prod.website-files.com/60359921321f8d62cd691da7/6720ea8561020ebd8668dbdc_pushpress-gym-management-software_9c68418e1e082fe35a292dab5601277d_2000.jpeg_]
[www.pushpress.com/taglist/_https_/cdn.prod.website-files.com/60359921321f8d62cd691da7/67111886e192e32c28319f67_crossfit-group-class_f1ed12b5f38dc38c20a0811f4e125dde_2000.jpeg_]
[www.pushpress.com/taglist/_https_/cdn.prod.website-files.com/60359921321f8d62cd691da7/670e75b4f9c63c768dec0e7b_setting-boundaries-for-gym-growth_90d14366573a0982572a1bfd7bb2cd3e_2000.jpeg_]
[www.pushpress.com/taglist/_https_/cdn.prod.website-files.com/60359921321f8d62cd691da7/6707fd8e8b28f2e08c79a3ef_bold-city-crossfit-gym-community_5628167dfeffde7b150dabb32560d133_2000.jpeg_]
[www.pushpress.com/taglist/_https_/cdn.prod.website-files.com/60359921321f8d62cd691da7/67053b26d585c840e8f3d567_group-class-at-crossfit-obsession_6633a5ad325dccf6054ad26138a57f34_2000.jpeg_]
[www.pushpress.com/taglist/_https_/cdn.prod.website-files.com/60359921321f8d62cd691da7/66f568ff9cf37bd346acbd7b_gathering-member-feedback_2198d16123895f5eada2768f42cc5f63_2000.jpeg_]
[www.pushpress.com/taglist/_https_/cdn.prod.website-files.com/60359921321f8d62cd691da7/66f2c5fe0413542ad8c5fe82_legendary-fitness-gym-community_240c0332e05a0c8fc90461edf9032c09_2000.jpeg_]
[www.pushpress.com/taglist/_https_/cdn.prod.website-files.com/60359921321f8d62cd691da7/66ed917e7f596d8129f9813f_plus-ultra-gym-growth_c8ec3832bd929e66235f4e296a125a85_2000.jpeg_]
[cdn.prod.website-files.com/60359921321f8d62cd691da7/60359921321f8d1045692389_IntlWomenDayEvent2020-98.jpeg]
[cdn.prod.website-files.com/60359921321f8d62cd691da7/65d4be901f96c6a9212cb8b5_Integratenewmembers_cc04d1c2fea5ab7971f318b77b3fac16_2000.jpeg]
[cdn.prod.website-files.com/60359921321f8d62cd691da7/65d4be921f96c6a9212cb996_Integratenewmembers_cc04d1c2fea5ab7971f318b77b3fac16_800.jpeg]
[cdn.prod.website-files.com/60359921321f8d62cd691da7/63b6e61fc2b3bab642d13b41_gympos_f1726d479002825da198fb0bef7a6a0d_800.jpeg]
[cdn.prod.website-files.com/60359921321f8d62cd691da7/65d4be921f96c6a9212cb9f7_BestFirstImpression_ee131ac8d94544f00f8c6ae1d6cbe2e9_800.jpeg]
[www.pushpress.com/blog/_https_/cdn.prod.website-files.com/60359921321f8d62cd691da7/60359921321f8d1045692389_IntlWomenDayEvent2020-98.jpeg_]
[www.pushpress.com/taglist/_https_/cdn.prod.website-files.com/60359921321f8d62cd691da7/65d60c804a059a068cf1daaf_ExcessiveLoudNoise_c79e1136594fc9fa0a4ca256b8ed53f8_2000.jpeg_]
[www.pushpress.com/taglist/_https_/cdn.prod.website-files.com/60359921321f8d62cd691da7/6579ce4f72bce1d6dd244f9c_swift-river-crossfit-community_64e29271f56cdce8b8b45aa8093af65b_2000.jpeg_]
[www.pushpress.com/taglist/_https_/cdn.prod.website-files.com/60359921321f8d62cd691da7/65787d4031cce8b4cc12d5e2_pushpress-gyms-members-can-easily-book-appointments_3abbe85e7356eb8be7c627a588640ec2_2000.7]
[cdn.prod.website-files.com/60359921321f8d62cd691da7/66743605906c2eda92bd63e7_fitnkc-gym-community_f26c1a718127a24b21aedb9c47d39757_2000.jpeg]
[cdn.prod.website-files.com/60359921321f8d62cd691da7/66743606906c2eda92bd662a_adaptive-athletes-in-motion_81028e1fe5a9d5f0ae522dfda033eaba_800.jpeg]
[cdn.prod.website-files.com/60359921321f8d62cd691da7/66743606906c2eda92bd6626_how-pushpress-helps-fitnkc_c3b3aa37bb5fdf0d84ddbab6e1f6989e_800.jpeg]
[www.pushpress.com/taglist/staff-app-72607]
[cdn.prod.website-files.com/60359921321f8d62cd691da7/6399e508576b4b05d3bd3453_SalesPlaybook_3d2d39a43e065acad9d88c8a54d6d839_2000.jpeg]
[cdn.prod.website-files.com/60359921321f8d62cd691da7/636bc0908cd13155d75693f8_Sendreviewrequeststogymvisitors_f66e4d32d97c6cea15425287890e20c8_800.jpeg]
[www.pushpress.com/blog/crossfit-referral-program]
[www.pushpress.com/taglist/get-new-members-a]
[www.pushpress.com/taglist/grow-gym-memberships-5]
[www.pushpress.com/taglist/gym-owner-c]
[www.pushpress.com/blog/_https_/cdn.prod.website-files.com/60359921321f8d62cd691da7/63e3b9129bc05b8831ff20fc_EncourageYourStaff_b9fdd5df6766ccffbc588b6a66dad95f_2000.jpeg_]
[www.pushpress.com/taglist/_https_/cdn.prod.website-files.com/60359921321f8d62cd691da7/660eb27be655a263ea42de91_jason-khalipa-ncfit-founder_6a23a72ee5e582d6e1e9f9a1f45c8bfd_2000.jpeg_]
[www.pushpress.com/taglist/_https_/cdn.prod.website-files.com/60359921321f8d62cd691da7/6581b014ced1d5afcdd71b2c_creating-healthy-habits-for-coaches_7b960ceeee15f312a3279ebd9bf6f3ee_2000.jpeg_]
[www.pushpress.com/taglist/_https_/cdn.prod.website-files.com/60359921321f8d62cd691da7/66fc00a637048fdf64309108_ks-athletic-club-gym-halloween_ffcfef09cdfe7fb69ffa26e3856216e4_2000.jpeg_]
[cdn.prod.website-files.com/60359921321f8d62cd691da7/677fdc615069939a441f5f57_startingagym_106d3e5e949b77be47ecb53b00a8f70c_2000.jpeg]
[cdn.prod.website-files.com/60359921321f8d62cd691da7/633dc81feee61a7537fd01e2_Membershipsasgymrevenue_def4da7747dec09d152599d633002418_800.jpeg]
[cdn.prod.website-files.com/60359921321f8d62cd691da7/64ca56a783aad7be25146073_BrandBetter-UsingColorTheorytoAttractthePerfectMembersforYourCrossFitAffiliateGym_39a797b7aef2cd02810b062beaa7733a_800.7ad.de]
[cdn.prod.website-files.com/60359921321f8d62cd691da7/63dbd0101cc1e336c385b1ae_andingEveryLeveloftheCrossFitTrainerCertificationCourseandHowtoPrepareYourTrainers_60b48a9951060d8e375f61f54a690767_800.7ae.d]
[www.pushpress.com/taglist/starting-a-business-d024d]
[www.pushpress.com/taglist/gym-startup-guide-0dfbb]
[cdn.prod.website-files.com/60359921321f8d62cd691da7/64808da8893b839ff79781de_FrontDeskStaff_87d4aad7e0692bd073bacf7b9931d00f_2000.jpeg]
[www.pushpress.com/book-v259f4]
[www.pushpress.com/taglist/flex-fees]
[www.pushpress.com/taglist/product-feature-5af1f]
[www.pushpress.com/taglist/_https_/cdn.prod.website-files.com/60359921321f8d62cd691da7/6491b13f926f2d07abd30495_webinar-032023-fb_d03020ccfbaccb5ec782e3130123d111_2000.png_]
[www.pushpress.com/blog/sell-gym-memberships-flip-sales-marketing]
[www.pushpress.com/taglist/_https_/cdn.prod.website-files.com/60359921321f8d62cd691da7/6478a4a770c3688694168ebd_personal-connect-drives-gym-revenue-and-retention_c5520558352c2a730fb9fecce8180ce2_2000.7b7]
[www.pushpress.com/blog/gym-presale-success-tips]
[www.pushpress.com/taglist/_https_/cdn.prod.website-files.com/60359921321f8d62cd691da7/6372580e0f9160123619dcbc_TheImportanceofPre-SalesBeforeYourGymEvenOpens_466749777ba34608ac048e77a08747ca_2000.7b9.de]
[www.pushpress.com/taglist/gym-owner-ea55c]
[www.pushpress.com/taglist/_https_/cdn.prod.website-files.com/60359921321f8d62cd691da7/65391f92c6b30870596384e8_selling-a-gym_529c35f338f8e42b92bd9b8066236af6_2000.jpeg_]
[www.pushpress.com/taglist/_https_/cdn.prod.website-files.com/60359921321f8d62cd691da7/63da7ebbbdb3284cb352244f_ImpactofStaffDevelopment_62ce5a962f11cdff795bfc9ba270ca0e_2000.jpeg_]
[www.pushpress.com/taglist/_https_/cdn.prod.website-files.com/60359921321f8d62cd691da7/64f734a6f25ce0e4986a539b_important-gym-mangement-software-features_5fb4dc02158e00afc1e20f7eb41429fb_2000.jpeg_]
[www.pushpress.com/taglist/_https_/cdn.prod.website-files.com/60359921321f8d62cd691da7/64c2788aec55a1c1a3716080_running-a-fun-and-successful-nutrition-coaching-program_cc70b579944dffb605c0df19487e78e0_20]
[www.pushpress.com/taglist/_https_/cdn.prod.website-files.com/60359921321f8d62cd691da7/6495a5a97b31f2706345fe81_five-core-features-to-help-with-gym-management_9533be493989f74befdcf1152514f7a3_2000.7bf.de]
[www.pushpress.com/taglist/_https_/cdn.prod.website-files.com/60359921321f8d62cd691da7/6488768400f949fd708812ff_improving-mental-health-with-self-defense_3474ae69f72cd55dc1b6de75815a5f18_2000.jpeg_]
[www.pushpress.com/taglist/_https_/cdn.prod.website-files.com/60359921321f8d62cd691da7/6487250d5c9dc4a357d05dc0_protect-your-mental-health-and-avoid-gym-owner-burnout_644c1e6b70faadb9450ef5b40a6da21c_200]
[www.pushpress.com/taglist/_https_/cdn.prod.website-files.com/60359921321f8d62cd691da7/6481df054939b9284328db31_chris-spealler-finds-balance-in-fitness-and-being-a-gym-owner_b32ed0b7960d716a5b30e2beb8949]
[www.pushpress.com/taglist/_https_/cdn.prod.website-files.com/60359921321f8d62cd691da7/647deaa97568996934368360_dr-christine-malgliara-mental-health-professional_a887a5de9e465b4fe26c8c0c379b8e90_2000.7c3]
[cdn.prod.website-files.com/60359921321f8d62cd691da7/63cff2a45e096b4684b10bea_CrossFitStaff_c1af4e75357b1f51c7d812c589583487_2000.jpeg]
[cdn.prod.website-files.com/60359921321f8d62cd691da7/63a07c878ea45417ce8a1084_CrossFitStaff_c1af4e75357b1f51c7d812c589583487_800.jpeg]
[cdn.prod.website-files.com/60359921321f8d62cd691da7/63779e116b828fac3c7a4c73_Capturingrelevantcustomerfeedback_d47f43e4f3fb2dbca67cf537258c3360_800.jpeg]
[www.pushpress.com/taglist/help-first]
[www.pushpress.com/taglist/upselling]
[www.pushpress.com/taglist/_https_/cdn.prod.website-files.com/60359921321f8d62cd691da7/6687fc7cff388b8715df22e2_thank-members-for-gym-referrals_2865c63c42e4733fee8ad33355073969_2000.jpeg_]
[www.pushpress.com/taglist/_https_/cdn.prod.website-files.com/60359921321f8d62cd691da7/65e88516c8c705c8f4cf9f9b_gym-membership-pricing-leads-to-growth_d4676c28299c32a0baa07262a64b3858_2000.jpeg_]
[www.pushpress.com/category/sales]
[cdn.prod.website-files.com/60359921321f8d62cd691da7/6384cd0b0f439159bc8d080a_Settinggymmembershippricing_ba0adb33575138d5fa5ab8e65a6c07e1_2000.jpeg]
[cdn.prod.website-files.com/60359921321f8d62cd691da7/6384cd0c0f4391a81f8d0886_Providevalueforgymmemberships_3b278f7ba4bd34c3f538d6fdd2a1a213_800.jpeg]
[cdn.prod.website-files.com/60359921321f8d62cd691da7/6384cd0c0f439110348d0887_Knowyourtargetgymmembers_86d71c5a945668ab7d7b20643de9ca92_800.jpeg]
[www.pushpress.com/taglist/sales-7fd2a]
[www.pushpress.com/taglist/marketing-1]
[www.pushpress.com/taglist/gym-startup-guide-f]
[www.pushpress.com/taglist/gsg-2-0-e915a]
[www.pushpress.com/taglist/gsg-how-to-start-ed867]
[www.pushpress.com/blog/_https_/cdn.prod.website-files.com/60359921321f8d62cd691da7/645a520e43989a43dd42be87_use-social-planner-to-automate-and-schedule-social-media-posts_c43e0f9fdc69ae404d1c105a35cf1e9]
[cdn.prod.website-files.com/60359921321f8d62cd691da7/677fe237b94c37e02516459c_designauniquesellingproposition_748f59fe7ad61502670c9354e6c82a16_2000.jpeg]
[cdn.prod.website-files.com/60359921321f8d62cd691da7/6374fb0cbc0a72af95306367_Creatinganicheforyourgym_537479bcc8ec705e7a0fa879f4d3b347_800.jpeg]
[cdn.prod.website-files.com/60359921321f8d62cd691da7/6374fb0cbc0a7205ce306368_CreateUSPforstronggymreferrals_64b57d4e0c9d859daedfcc6c54fdca40_800.jpeg]
[www.pushpress.com/taglist/unique-selling-proposition-fb673]
[www.pushpress.com/taglist/marketing-98813]
[www.pushpress.com/taglist/branding-b9b66]
[cdn.prod.website-files.com/60359921321f8d62cd691da7/6363c9a282b81d0aa5774906_LASSOincreasesleadsandsales_835a29c48ebd9221539041f37aa0b553_2000.jpeg]
[cdn.prod.website-files.com/60359921321f8d62cd691da7/6363c9a382b81db818774907_LASSOincreasesleadsandsales_835a29c48ebd9221539041f37aa0b553_800.jpeg]
[www.pushpress.com/blog/tired-of-low-quality-leads-pushpress-lasso-mrr-challenge-proved-to-be-a-game-changer]
[cdn.prod.website-files.com/60359921321f8d62cd691da7/6363c9a382b81d7550774908_Closingthesale_a4496ded21269c391baacec3ddd00b35_800.jpeg]
[www.pushpress.com/blog/you-ve-never-lost-a-sale-to-price]
[www.pushpress.com/taglist/lasso]
[www.pushpress.com/taglist/leads-e]
